Country,Year,GDP Per Capita (USD)
Belgium,1990,18674.15547
Belgium,1991,19584.89658
Belgium,1992,20254.83284
Belgium,1993,20456.09166
Belgium,1994,21503.16504
Belgium,1995,22431.0509
Belgium,1996,22735.94004
Belgium,1997,23728.45977
Belgium,1998,24368.76469
Belgium,1999,25441.89139
Belgium,2000,27788.775
Belgium,2001,28795.38568
Belgium,2002,30281.66799
Belgium,2003,30934.97182
Belgium,2004,32064.41643
Belgium,2005,33176.68088
Belgium,2006,35258.83507
Belgium,2007,36798.51235
Belgium,2008,37883.23342
Belgium,2009,37750.13747
Belgium,2010,39831.67923
Belgium,2011,40943.34348
Belgium,2012,42290.47767
Belgium,2013,43672.71229
Belgium,2014,44929.93333
Belgium,2015,46201.68589
Belgium,2016,48599.20268
Belgium,2017,50442.94752
Belgium,2018,52530.84151
Belgium,2019,56621.42834
Belgium,2020,55729.02769
Belgium,2021,62124.24456
Belgium,2022,68308.20936
Lithuania,1995,5926.487078
Lithuania,1996,6383.358805
Lithuania,1997,7068.111806
Lithuania,1998,7762.570922
Lithuania,1999,7820.787732
Lithuania,2000,8447.022796
Lithuania,2001,9438.825785
Lithuania,2002,10480.70531
Lithuania,2003,12068.38936
Lithuania,2004,13030.82276
Lithuania,2005,14510.71794
Lithuania,2006,16483.84977
Lithuania,2007,19098.85375
Lithuania,2008,20721.12628
Lithuania,2009,18116.23465
Lithuania,2010,20093.34232
Lithuania,2011,22884.86963
Lithuania,2012,24703.73625
Lithuania,2013,26721.68914
Lithuania,2014,28184.25706
Lithuania,2015,28834.53072
Lithuania,2016,30925.2562
Lithuania,2017,33761.98537
Lithuania,2018,36376.53574
Lithuania,2019,40577.84764
Lithuania,2020,41168.17905
Lithuania,2021,46285.42051
Lithuania,2022,50997.26912
Portugal,1990,11758.06643
Portugal,1991,12722.66921
Portugal,1992,13159.67245
Portugal,1993,13181.65279
Portugal,1994,13560.40398
Portugal,1995,14396.83101
Portugal,1996,14916.45266
Portugal,1997,15785.78587
Portugal,1998,16686.94117
Portugal,1999,17718.15101
Portugal,2000,18879.06324
Portugal,2001,19530.67224
Portugal,2002,20356.66099
Portugal,2003,20852.24177
Portugal,2004,21478.44282
Portugal,2005,22725.2867
Portugal,2006,24682.56566
Portugal,2007,25738.95343
Portugal,2008,26665.82967
Portugal,2009,26458.12058
Portugal,2010,27257.2324
Portugal,2011,26769.52911
Portugal,2012,26438.02984
Portugal,2013,27936.01966
Portugal,2014,28742.41813
Portugal,2015,29660.91463
Portugal,2016,31607.75712
Portugal,2017,33044.70015
Portugal,2018,34928.54427
Portugal,2019,37845.19258
Portugal,2020,35874.80307
Portugal,2021,39036.33747
Portugal,2022,44962.94439
United Kingdom,1990,17057.30544
United Kingdom,1991,17378.58891
United Kingdom,1992,17800.67622
United Kingdom,1993,18634.58034
United Kingdom,1994,19713.946
United Kingdom,1995,20578.91318
United Kingdom,1996,21939.54356
United Kingdom,1997,23066.34744
United Kingdom,1998,23692.60016
United Kingdom,1999,24492.8658
United Kingdom,2000,26532.76937
United Kingdom,2001,27918.67937
United Kingdom,2002,29091.26654
United Kingdom,2003,30322.92067
United Kingdom,2004,32075.75248
United Kingdom,2005,32719.74356
United Kingdom,2006,34746.15529
United Kingdom,2007,35525.29392
United Kingdom,2008,36734.67677
United Kingdom,2009,35031.90006
United Kingdom,2010,36491.34639
United Kingdom,2011,37208.9719
United Kingdom,2012,38340.21568
United Kingdom,2013,39968.10228
United Kingdom,2014,41281.54206
United Kingdom,2015,42500.90916
United Kingdom,2016,44057.6891
United Kingdom,2017,46061.35438
United Kingdom,2018,47107.7092
United Kingdom,2019,49940.54115
United Kingdom,2020,48006.0813
United Kingdom,2021,52841.89224
United Kingdom,2022,56761.50797
Ireland,1990,13764.9843
Ireland,1991,14422.80525
Ireland,1992,15120.31226
Ireland,1993,15810.99274
Ireland,1994,17020.96224
Ireland,1995,18971.19047
Ireland,1996,20538.36943
Ireland,1997,22693.04754
Ireland,1998,25082.32112
Ireland,1999,27041.4282
Ireland,2000,30216.78476
Ireland,2001,32597.55823
Ireland,2002,35222.81925
Ireland,2003,36280.71014
Ireland,2004,38762.30928
Ireland,2005,40465.31651
Ireland,2006,44271.13828
Ireland,2007,46770.88765
Ireland,2008,44105.36448
Ireland,2009,41435.29914
Ireland,2010,43206.63733
Ireland,2011,45132.17589
Ireland,2012,46304.78419
Ireland,2013,47836.18565
Ireland,2014,51296.92985
Ireland,2015,69305.5388
Ireland,2016,71505.74628
Ireland,2017,78252.20562
Ireland,2018,85034.72855
Ireland,2019,91072.86681
Ireland,2020,97165.18765
Ireland,2021,114451.0313
Ireland,2022,134148.7894
Iceland,1990,21973.71897
Iceland,1991,22383.85678
Iceland,1992,21858.90111
Iceland,1993,22438.90419
Iceland,1994,23548.76271
Iceland,1995,23944.56177
Iceland,1996,24768.54815
Iceland,1997,26890.72473
Iceland,1998,28746.8226
Iceland,1999,29576.84157
Iceland,2000,29783.40353
Iceland,2001,31870.68826
Iceland,2002,32598.37602
Iceland,2003,32726.02987
Iceland,2004,35553.18543
Iceland,2005,37427.93497
Iceland,2006,39632.50144
Iceland,2007,41494.95317
Iceland,2008,43456.21676
Iceland,2009,41771.02398
Iceland,2010,39773.54448
Iceland,2011,40938.66455
Iceland,2012,42006.54335
Iceland,2013,44404.73159
Iceland,2014,45995.00169
Iceland,2015,49203.29499
Iceland,2016,53486.61577
Iceland,2017,55638.49198
Iceland,2018,57201.17333
Iceland,2019,60517.6078
Iceland,2020,55791.11235
Iceland,2021,61969.74378
Iceland,2022,73472.07686
Türkiye,1990,8286.090386
Türkiye,1991,8501.467916
Türkiye,1992,9064.98509
Türkiye,1993,9865.662001
Türkiye,1994,9376.98651
Türkiye,1995,10104.25432
Türkiye,1996,10828.1533
Türkiye,1997,11648.76835
Türkiye,1998,8937.31744
Türkiye,1999,8625.279388
Türkiye,2000,9475.973841
Türkiye,2001,9144.275914
Türkiye,2002,9279.072677
Türkiye,2003,9597.982685
Türkiye,2004,10884.56688
Türkiye,2005,11910.60672
Türkiye,2006,13641.56438
Türkiye,2007,14866.45021
Türkiye,2008,16038.23164
Türkiye,2009,15442.16201
Türkiye,2010,17343.71999
Türkiye,2011,19590.85837
Türkiye,2012,20627.44073
Türkiye,2013,22373.13654
Türkiye,2014,24104.98458
Türkiye,2015,25855.91268
Türkiye,2016,26695.90937
Türkiye,2017,28193.0614
Türkiye,2018,28299.4697
Türkiye,2019,28461.32656
Türkiye,2020,28680.0857
Türkiye,2021,31637.64729
Türkiye,2022,38355.11301
Luxembourg,1990,29924.24271
Luxembourg,1991,33158.89845
Luxembourg,1992,34065.2811
Luxembourg,1993,35826.34137
Luxembourg,1994,37443.85003
Luxembourg,1995,38236.77958
Luxembourg,1996,39684.7465
Luxembourg,1997,42437.28433
Luxembourg,1998,44215.62186
Luxembourg,1999,49744.96918
Luxembourg,2000,55039.13057
Luxembourg,2001,56098.98168
Luxembourg,2002,58513.3936
Luxembourg,2003,60115.73193
Luxembourg,2004,64635.56839
Luxembourg,2005,68707.78171
Luxembourg,2006,78829.9705
Luxembourg,2007,85004.02778
Luxembourg,2008,90863.78408
Luxembourg,2009,86797.43242
Luxembourg,2010,90241.97968
Luxembourg,2011,94278.92285
Luxembourg,2012,96535.74583
Luxembourg,2013,100561.3664
Luxembourg,2014,104917.9457
Luxembourg,2015,107898.3042
Luxembourg,2016,112955.4702
Luxembourg,2017,114862.5288
Luxembourg,2018,116334.9158
Luxembourg,2019,121105.7865
Luxembourg,2020,121973.6327
Luxembourg,2021,137716.4457
Luxembourg,2022,145971.0481
Latvia,1995,5513.887771
Latvia,1996,5806.896573
Latvia,1997,6486.2653
Latvia,1998,7068.162662
Latvia,1999,7405.779063
Latvia,2000,8040.291778
Latvia,2001,9045.15135
Latvia,2002,10080.30752
Latvia,2003,11060.97245
Latvia,2004,12279.66969
Latvia,2005,13914.15508
Latvia,2006,15857.14421
Latvia,2007,18234.86151
Latvia,2008,19569.63265
Latvia,2009,17020.75972
Latvia,2010,17706.16271
Latvia,2011,19256.73777
Latvia,2012,21297.5115
Latvia,2013,22637.27135
Latvia,2014,23810.00676
Latvia,2015,24975.53782
Latvia,2016,26724.53848
Latvia,2017,28689.65228
Latvia,2018,30891.88419
Latvia,2019,33305.56528
Latvia,2020,33725.71914
Latvia,2021,36806.72781
Latvia,2022,40957.40575
Poland,1990,6200.648474
Poland,1991,5948.417006
Poland,1992,6226.530282
Poland,1993,6604.100375
Poland,1994,7096.376235
Poland,1995,7744.299519
Poland,1996,8347.667846
Poland,1997,9018.430963
Poland,1998,9581.730131
Poland,1999,10143.29528
Poland,2000,10674.21131
Poland,2001,11122.15225
Poland,2002,11803.76136
Poland,2003,12292.22089
Poland,2004,13354.83659
Poland,2005,13898.41301
Poland,2006,15155.92692
Poland,2007,16808.66099
Poland,2008,18308.03899
Poland,2009,19073.68827
Poland,2010,20630.05436
Poland,2011,22386.22712
Poland,2012,23300.9229
Poland,2013,24028.18672
Poland,2014,25005.65569
Poland,2015,26495.81492
Poland,2016,27830.92773
Poland,2017,29609.44637
Poland,2018,31662.21054
Poland,2019,35099.14103
Poland,2020,35891.20566
Poland,2021,40022.79463
Poland,2022,45478.98669
Slovak Republic,1992,7181.713531
Slovak Republic,1993,7466.404859
Slovak Republic,1994,8065.895981
Slovak Republic,1995,8689.497816
Slovak Republic,1996,9403.68711
Slovak Republic,1997,10083.92836
Slovak Republic,1998,10622.30627
Slovak Republic,1999,10714.98961
Slovak Republic,2000,11352.75737
Slovak Republic,2001,12388.11775
Slovak Republic,2002,13307.8781
Slovak Republic,2003,14166.18807
Slovak Republic,2004,15198.23519
Slovak Republic,2005,16595.2616
Slovak Republic,2006,18851.2394
Slovak Republic,2007,21140.87686
Slovak Republic,2008,23608.97752
Slovak Republic,2009,22946.34365
Slovak Republic,2010,25218.34115
Slovak Republic,2011,26260.18476
Slovak Republic,2012,27000.73026
Slovak Republic,2013,28021.09042
Slovak Republic,2014,29029.58768
Slovak Republic,2015,30062.17965
Slovak Republic,2016,29737.53009
Slovak Republic,2017,30147.01598
Slovak Republic,2018,31374.188
Slovak Republic,2019,33949.00202
Slovak Republic,2020,34988.89575
Slovak Republic,2021,37840.73214
Slovak Republic,2022,40586.47488
Israel,1995,20569.70474
Israel,1996,21619.5222
Israel,1997,22245.51978
Israel,1998,22844.469
Israel,1999,23321.79488
Israel,2000,25669.36979
Israel,2001,25669.70132
Israel,2002,25961.15178
Israel,2003,24571.82865
Israel,2004,25938.29304
Israel,2005,25514.01096
Israel,2006,26207.26598
Israel,2007,28022.14357
Israel,2008,27836.58976
Israel,2009,27985.43778
Israel,2010,29372.33451
Israel,2011,31244.4303
Israel,2012,32414.61622
Israel,2013,34744.03807
Israel,2014,34729.39271
Israel,2015,35795.50641
Israel,2016,38084.52891
Israel,2017,39352.29468
Israel,2018,40082.46609
Israel,2019,41236.22383
Israel,2020,41054.68454
Israel,2021,46258.37199
Israel,2022,52169.36398
Switzerland,1990,28104.34737
Switzerland,1991,28437.99513
Switzerland,1992,28809.51752
Switzerland,1993,29262.3723
Switzerland,1994,30060.313
Switzerland,1995,30564.557
Switzerland,1996,31231.68242
Switzerland,1997,32434.88365
Switzerland,1998,33542.63081
Switzerland,1999,34401.80917
Switzerland,2000,36349.36995
Switzerland,2001,37518.64319
Switzerland,2002,38410.60409
Switzerland,2003,38448.89813
Switzerland,2004,39885.80722
Switzerland,2005,41244.64377
Switzerland,2006,45965.73972
Switzerland,2007,50589.66531
Switzerland,2008,53498.0131
Switzerland,2009,52730.63307
Switzerland,2010,54342.5693
Switzerland,2011,57493.56602
Switzerland,2012,59440.93408
Switzerland,2013,61656.49098
Switzerland,2014,63417.04308
Switzerland,2015,65265.05083
Switzerland,2016,67350.73519
Switzerland,2017,68193.50296
Switzerland,2018,70688.84449
Switzerland,2019,73732.23356
Switzerland,2020,72997.82233
Switzerland,2021,81603.18737
Switzerland,2022,90732.72366
Austria,1990,19459.19108
Austria,1991,20602.88225
Austria,1992,21278.08984
Austria,1993,21717.37926
Austria,1994,22626.70101
Austria,1995,23681.21028
Austria,1996,24552.02525
Austria,1997,25422.02277
Austria,1998,26674.84344
Austria,1999,27606.48424
Austria,2000,29379.73666
Austria,2001,29711.56876
Austria,2002,31178.05144
Austria,2003,32158.61393
Austria,2004,33785.21514
Austria,2005,35024.55748
Austria,2006,37665.08765
Austria,2007,39441.00548
Austria,2008,41316.02264
Austria,2009,40925.93388
Austria,2010,42013.88575
Austria,2011,44469.20964
Austria,2012,46477.65508
Austria,2013,47936.67796
Austria,2014,48813.53441
Austria,2015,49942.05629
Austria,2016,52665.08746
Austria,2017,54188.36067
Austria,2018,56956.11056
Austria,2019,60590.19965
Austria,2020,58610.93183
Austria,2021,63451.49024
Austria,2022,70889.43168
France,1990,17633.38591
France,1991,18328.91312
France,1992,18951.91542
France,1993,19195.98007
France,1994,19993.84945
France,1995,20767.85129
France,1996,21355.26104
France,1997,22243.28019
France,1998,23363.2698
France,1999,24311.40386
France,2000,26098.0153
France,2001,27502.39191
France,2002,28528.15611
France,2003,28178.71204
France,2004,29065.8763
France,2005,30504.05878
France,2006,32474.15979
France,2007,34136.13085
France,2008,35102.87043
France,2009,34685.10457
France,2010,35905.82006
France,2011,37447.94954
France,2012,37684.19807
France,2013,39528.47364
France,2014,40144.05949
France,2015,40829.89331
France,2016,42855.94456
France,2017,44444.93456
France,2018,46336.93399
France,2019,50961.74846
France,2020,49180.69507
France,2021,53462.65578
France,2022,57179.60917
Greece,1990,13212.51255
Greece,1991,13964.55568
Greece,1992,14278.26307
Greece,1993,14303.96522
Greece,1994,14834.30416
Greece,1995,15422.23723
Greece,1996,16144.22729
Greece,1997,17152.66871
Greece,1998,18033.58069
Greece,1999,18464.72645
Greece,2000,19518.6917
Greece,2001,20960.95269
Greece,2002,22615.95744
Greece,2003,23897.87008
Greece,2004,25461.1404
Greece,2005,25577.44544
Greece,2006,28548.88614
Greece,2007,29326.85898
Greece,2008,30855.93577
Greece,2009,30358.24304
Greece,2010,27908.17339
Greece,2011,25671.40912
Greece,2012,24911.13028
Greece,2013,25986.6407
Greece,2014,26625.1593
Greece,2015,26760.2808
Greece,2016,27511.8032
Greece,2017,28604.82915
Greece,2018,29617.51863
Greece,2019,31611.25941
Greece,2020,29088.25785
Greece,2021,32797.27833
Greece,2022,38364.48755
Canada,1990,20229.75282
Canada,1991,20224.6806
Canada,1992,20626.20898
Canada,1993,21440.05255
Canada,1994,22632.83127
Canada,1995,23485.64344
Canada,1996,24050.17614
Canada,1997,25259.72536
Canada,1998,26319.93026
Canada,1999,27841.62958
Canada,2000,29362.28957
Canada,2001,30231.05084
Canada,2002,30964.0909
Canada,2003,32351.67292
Canada,2004,33927.85553
Canada,2005,36328.81241
Canada,2006,38120.15455
Canada,2007,39575.49223
Canada,2008,40376.11157
Canada,2009,38864.04926
Canada,2010,40098.30336
Canada,2011,41666.84868
Canada,2012,42291.88661
Canada,2013,44300.99198
Canada,2014,45758.13311
Canada,2015,44668.06512
Canada,2016,46470.67516
Canada,2017,48317.40403
Canada,2018,49982.64904
Canada,2019,50498.96311
Canada,2020,48590.71642
Canada,2021,55781.70262
Canada,2022,62041.55686
Czechia,1990,12680.07455
Czechia,1991,11647.05291
Czechia,1992,11841.65521
Czechia,1993,12114.81754
Czechia,1994,12726.66074
Czechia,1995,13845.44849
Czechia,1996,14684.44481
Czechia,1997,14822.62404
Czechia,1998,14976.78818
Czechia,1999,15397.92282
Czechia,2000,16209.97523
Czechia,2001,17613.18392
Czechia,2002,18245.669
Czechia,2003,19524.49335
Czechia,2004,20912.53027
Czechia,2005,22045.99888
Czechia,2006,23858.91162
Czechia,2007,26227.57995
Czechia,2008,27853.5499
Czechia,2009,27634.86089
Czechia,2010,27763.60007
Czechia,2011,28999.75476
Czechia,2012,29258.90485
Czechia,2013,30828.52641
Czechia,2014,32504.21758
Czechia,2015,33909.30924
Czechia,2016,36101.2856
Czechia,2017,38842.89627
Czechia,2018,41157.37041
Czechia,2019,44870.50441
Czechia,2020,43913.10315
Czechia,2021,47551.158
Czechia,2022,51625.60325
Estonia,1993,5741.664467
Estonia,1994,5901.904959
Estonia,1995,6424.123259
Estonia,1996,6842.858814
Estonia,1997,7941.22763
Estonia,1998,8408.400587
Estonia,1999,8479.421302
Estonia,2000,9393.477124
Estonia,2001,10283.34596
Estonia,2002,11628.29595
Estonia,2003,13090.50889
Estonia,2004,14496.8595
Estonia,2005,16584.41109
Estonia,2006,19289.47954
Estonia,2007,22163.54931
Estonia,2008,22780.0071
Estonia,2009,20459.10207
Estonia,2010,21586.14156
Estonia,2011,24515.48857
Estonia,2012,25946.94489
Estonia,2013,27418.68964
Estonia,2014,28917.83366
Estonia,2015,29222.74808
Estonia,2016,31310.1521
Estonia,2017,33867.80354
Estonia,2018,36488.63742
Estonia,2019,39906.10827
Estonia,2020,40064.42743
Estonia,2021,44681.00895
Estonia,2022,48555.18593
Colombia,1990,5126.493455
Colombia,1991,5338.114425
Colombia,1992,5585.122998
Colombia,1993,5930.380472
Colombia,1994,6284.421448
Colombia,1995,6646.387322
Colombia,1996,6767.940573
Colombia,1997,7000.196798
Colombia,1998,7022.024884
Colombia,1999,6658.492888
Colombia,2000,6886.405819
Colombia,2001,7068.835584
Colombia,2002,7265.177903
Colombia,2003,7604.164565
Colombia,2004,8127.579576
Colombia,2005,8676.107355
Colombia,2006,9433.241822
Colombia,2007,10228.18801
Colombia,2008,10651.50663
Colombia,2009,10720.91429
Colombia,2010,11206.22183
Colombia,2011,12108.23485
Colombia,2012,12530.80765
Colombia,2013,13266.00215
Colombia,2014,13777.24196
Colombia,2015,13762.75091
Colombia,2016,14514.22439
Colombia,2017,14930.86572
Colombia,2018,15814.69639
Colombia,2019,16712.4106
Colombia,2020,15950.50898
Colombia,2021,18141.94623
Colombia,2022,21630.61864
Germany,1990,19466.67094
Germany,1991,20991.9424
Germany,1992,21739.96085
Germany,1993,21916.44579
Germany,1994,22863.09466
Germany,1995,23656.0185
Germany,1996,24202.73253
Germany,1997,24726.31488
Germany,1998,25531.97687
Germany,1999,26510.2287
Germany,2000,27454.45348
Germany,2001,28666.86637
Germany,2002,29504.28924
Germany,2003,30271.13758
Germany,2004,31742.59764
Germany,2005,32236.74099
Germany,2006,34666.56641
Germany,2007,36866.82114
Germany,2008,38432.44821
Germany,2009,37463.97106
Germany,2010,39670.16784
Germany,2011,42541.51313
Germany,2012,43359.54105
Germany,2013,44993.66784
Germany,2014,47011.2804
Germany,2015,47609.55716
Germany,2016,50579.48372
Germany,2017,53071.47837
Germany,2018,55195.72205
Germany,2019,58251.7393
Germany,2020,57905.08735
Germany,2021,61939.72174
Germany,2022,66616.05377
Spain,1990,13511.22234
Spain,1991,14298.41115
Spain,1992,14725.71963
Spain,1993,14886.72312
Spain,1994,15539.11181
Spain,1995,16278.85996
Spain,1996,16976.24069
Spain,1997,17912.76335
Spain,1998,19100.96726
Spain,1999,19962.79211
Spain,2000,21594.17179
Spain,2001,23003.46249
Spain,2002,24376.32871
Spain,2003,25042.41006
Spain,2004,26182.63474
Spain,2005,27600.93717
Spain,2006,30745.50949
Spain,2007,32470.30661
Spain,2008,33242.24543
Spain,2009,32088.25541
Spain,2010,31687.02607
Spain,2011,31872.36309
Spain,2012,31724.78535
Spain,2013,32463.12368
Spain,2014,33558.97667
Spain,2015,34945.48161
Spain,2016,37333.06491
Spain,2017,39601.47963
Spain,2018,40776.7683
Spain,2019,43767.03422
Spain,2020,38984.48228
Spain,2021,43659.59624
Spain,2022,48655.65291
Italy,1990,18624.96393
Italy,1991,19531.65369
Italy,1992,20135.76337
Italy,1993,20424.78142
Italy,1994,21305.31212
Italy,1995,22379.6556
Italy,1996,23050.90276
Italy,1997,23871.41465
Italy,1998,25020.92466
Italy,1999,25602.38648
Italy,2000,27075.86334
Italy,2001,28039.20872
Italy,2002,28721.07628
Italy,2003,29154.80381
Italy,2004,29482.52418
Italy,2005,30028.48898
Italy,2006,32311.18119
Italy,2007,33964.20457
Italy,2008,35292.60186
Italy,2009,34334.56418
Italy,2010,34833.89061
Italy,2011,36203.32852
Italy,2012,36091.37396
Italy,2013,36267.92535
Italy,2014,36475.97606
Italy,2015,37206.33182
Italy,2016,40267.22262
Italy,2017,41951.46633
Italy,2018,43427.66314
Italy,2019,46470.0219
Italy,2020,44202.19844
Italy,2021,49901.58127
Italy,2022,55838.85344
Japan,1990,19891.09158
Japan,1991,21204.241
Japan,1992,21800.91847
Japan,1993,22149.2197
Japan,1994,22834.75171
Japan,1995,23865.91364
Japan,1996,25009.68209
Japan,1997,25629.42066
Japan,1998,25520.19654
Japan,1999,25744.91658
Japan,2000,27289.85193
Japan,2001,27946.08314
Japan,2002,28633.69892
Japan,2003,29411.59288
Japan,2004,30837.17542
Japan,2005,32174.40011
Japan,2006,33638.84126
Japan,2007,35021.73222
Japan,2008,35278.74985
Japan,2009,33550.68955
Japan,2010,35342.82472
Japan,2011,36215.00627
Japan,2012,37628.67599
Japan,2013,39436.68258
Japan,2014,39559.76347
Japan,2015,40908.78155
Japan,2016,40642.70453
Japan,2017,41531.22162
Japan,2018,42264.58512
Japan,2019,42835.81742
Japan,2020,42625.00123
Japan,2021,44613.08817
Japan,2022,47185.50915
Slovenia,1995,13626.61632
Slovenia,1996,14294.48285
Slovenia,1997,15277.11675
Slovenia,1998,16050.07688
Slovenia,1999,17077.48506
Slovenia,2000,17999.25329
Slovenia,2001,18954.82968
Slovenia,2002,20236.43207
Slovenia,2003,21107.7762
Slovenia,2004,22758.64082
Slovenia,2005,23848.60242
Slovenia,2006,25707.71694
Slovenia,2007,27566.24759
Slovenia,2008,29594.66584
Slovenia,2009,27510.07582
Slovenia,2010,27818.84242
Slovenia,2011,28931.42364
Slovenia,2012,29048.326
Slovenia,2013,29979.61884
Slovenia,2014,30872.72888
Slovenia,2015,31631.83838
Slovenia,2016,33942.76789
Slovenia,2017,36517.57927
Slovenia,2018,39008.29705
Slovenia,2019,42735.10715
Slovenia,2020,42033.25861
Slovenia,2021,46509.75706
Slovenia,2022,51364.48997
Sweden,1990,20411.00518
Sweden,1991,20719.03915
Sweden,1992,20822.44953
Sweden,1993,20754.31411
Sweden,1994,21874.75564
Sweden,1995,23090.81813
Sweden,1996,23925.73458
Sweden,1997,24801.13422
Sweden,1998,25887.57994
Sweden,1999,27471.4765
Sweden,2000,29622.06922
Sweden,2001,29936.31219
Sweden,2002,30926.361
Sweden,2003,31816.72446
Sweden,2004,33859.69153
Sweden,2005,34244.35929
Sweden,2006,37729.92856
Sweden,2007,40914.43926
Sweden,2008,42158.29642
Sweden,2009,40278.28206
Sweden,2010,42216.61535
Sweden,2011,44608.58489
Sweden,2012,45432.43101
Sweden,2013,46312.3974
Sweden,2014,47184.67317
Sweden,2015,49103.13195
Sweden,2016,50430.25079
Sweden,2017,51947.95578
Sweden,2018,53521.63578
Sweden,2019,57229.77494
Sweden,2020,57690.3253
Sweden,2021,63375.04957
Sweden,2022,68088.18967
Mexico,1990,7536.467752
Mexico,1991,7976.826838
Mexico,1992,8313.769249
Mexico,1993,8651.246539
Mexico,1994,9080.121594
Mexico,1995,8590.138576
Mexico,1996,9156.948879
Mexico,1997,9848.996893
Mexico,1998,10438.42314
Mexico,1999,10743.95611
Mexico,2000,11440.99981
Mexico,2001,11506.19762
Mexico,2002,11549.27973
Mexico,2003,11865.50087
Mexico,2004,12471.70107
Mexico,2005,13093.88834
Mexico,2006,14385.6956
Mexico,2007,14892.04111
Mexico,2008,15549.54143
Mexico,2009,15078.25944
Mexico,2010,15815.91464
Mexico,2011,17200.93766
Mexico,2012,18287.36265
Mexico,2013,18481.03064
Mexico,2014,19153.91849
Mexico,2015,19395.33318
Mexico,2016,20410.4249
Mexico,2017,20756.35118
Mexico,2018,21131.36548
Mexico,2019,21116.85357
Mexico,2020,19413.76431
Mexico,2021,20981.21613
Mexico,2022,23659.10229
Netherlands,1990,19168.64213
Netherlands,1991,20137.20498
Netherlands,1992,20790.20711
Netherlands,1993,21398.44221
Netherlands,1994,22369.41243
Netherlands,1995,23430.27889
Netherlands,1996,24507.7469
Netherlands,1997,26011.6553
Netherlands,1998,27709.13625
Netherlands,1999,29268.68549
Netherlands,2000,31873.88853
Netherlands,2001,33190.35401
Netherlands,2002,34447.05337
Netherlands,2003,34152.14801
Netherlands,2004,35810.31424
Netherlands,2005,37625.25244
Netherlands,2006,41013.78877
Netherlands,2007,43948.32977
Netherlands,2008,46419.04259
Netherlands,2009,44556.67382
Netherlands,2010,45037.17763
Netherlands,2011,46599.22766
Netherlands,2012,47271.96823
Netherlands,2013,49242.78671
Netherlands,2014,49233.23035
Netherlands,2015,50288.35281
Netherlands,2016,52289.40429
Netherlands,2017,55089.58143
Netherlands,2018,57825.39971
Netherlands,2019,61089.14068
Netherlands,2020,61066.65019
Netherlands,2021,67693.50286
Netherlands,2022,74541.68363
New Zealand,1990,14688.69994
New Zealand,1991,14520.05631
New Zealand,1992,14888.03902
New Zealand,1993,15884.74428
New Zealand,1994,16994.06334
New Zealand,1995,17801.80938
New Zealand,1996,18366.34281
New Zealand,1997,19072.64474
New Zealand,1998,19285.78422
New Zealand,1999,20537.41424
New Zealand,2000,21457.97664
New Zealand,2001,22411.30493
New Zealand,2002,23180.40793
New Zealand,2003,23882.0687
New Zealand,2004,25012.07462
New Zealand,2005,25590.44156
New Zealand,2006,27663.91656
New Zealand,2007,29273.9516
New Zealand,2008,29748.93156
New Zealand,2009,30574.23751
New Zealand,2010,31127.32155
New Zealand,2011,32639.0226
New Zealand,2012,32917.66979
New Zealand,2013,36085.48582
New Zealand,2014,37089.22592
New Zealand,2015,37255.41171
New Zealand,2016,39709.38471
New Zealand,2017,41996.7991
New Zealand,2018,42312.89089
New Zealand,2019,44862.74811
New Zealand,2020,45221.87762
New Zealand,2021,48171.43547
New Zealand,2022,51947.52399
Australia,1990,17837.28213
Australia,1991,18176.7907
Australia,1992,19157.08721
Australia,1993,20184.51343
Australia,1994,21434.24519
Australia,1995,22444.05646
Australia,1996,23290.94992
Australia,1997,24478.24464
Australia,1998,25725.59883
Australia,1999,27160.31497
Australia,2000,28333.13304
Australia,2001,29562.48326
Australia,2002,30823.40346
Australia,2003,32409.0606
Australia,2004,34019.15042
Australia,2005,35683.436
Australia,2006,37964.55444
Australia,2007,39703.46962
Australia,2008,40136.06886
Australia,2009,41684.56865
Australia,2010,42823.92797
Australia,2011,44460.60502
Australia,2012,43911.6833
Australia,2013,47796.02217
Australia,2014,47648.63396
Australia,2015,47266.59172
Australia,2016,50152.47657
Australia,2017,50761.90945
Australia,2018,53125.90361
Australia,2019,53681.42451
Australia,2020,56905.50054
Australia,2021,64120.47385
Australia,2022,71753.64543
Finland,1990,18133.89052
Finland,1991,17547.54656
Finland,1992,17258.71488
Finland,1993,17466.31899
Finland,1994,18466.45656
Finland,1995,19573.70158
Finland,1996,20080.73564
Finland,1997,21790.61674
Finland,1998,23576.77426
Finland,1999,24767.16397
Finland,2000,26788.16027
Finland,2001,27803.94699
Finland,2002,28605.12292
Finland,2003,29053.18154
Finland,2004,31202.46989
Finland,2005,32051.76289
Finland,2006,34454.68831
Finland,2007,37847.07646
Finland,2008,40083.70194
Finland,2009,37970.95232
Finland,2010,38949.38509
Finland,2011,40916.64732
Finland,2012,40872.8548
Finland,2013,41492.91842
Finland,2014,41749.86473
Finland,2015,42490.21105
Finland,2016,44934.48825
Finland,2017,47570.27035
Finland,2018,49573.25577
Finland,2019,52569.86297
Finland,2020,53657.58417
Finland,2021,57783.83451
Finland,2022,62590.08222
Norway,1990,18450.60927
Norway,1991,19566.02371
Norway,1992,20611.16877
Norway,1993,21569.20488
Norway,1994,23010.05858
Norway,1995,24345.32803
Norway,1996,26818.37147
Norway,1997,28604.38738
Norway,1998,28201.38375
Norway,1999,30573.13734
Norway,2000,36986.22133
Norway,2001,37831.39158
Norway,2002,38057.57549
Norway,2003,38683.48135
Norway,2004,42672.09998
Norway,2005,47969.88536
Norway,2006,54365.41129
Norway,2007,56183.13032
Norway,2008,62075.51376
Norway,2009,55615.47492
Norway,2010,58222.61756
Norway,2011,62461.20278
Norway,2012,65768.75327
Norway,2013,67372.92818
Norway,2014,66335.45965
Norway,2015,60721.58381
Norway,2016,59263.43047
Norway,2017,64589.16317
Norway,2018,70252.73545
Norway,2019,70938.2251
Norway,2020,67116.53281
Norway,2021,89214.42042
Norway,2022,124255.7308
Hungary,1991,8341.664778
Hungary,1992,8287.959473
Hungary,1993,8460.116362
Hungary,1994,8924.041165
Hungary,1995,9186.03762
Hungary,1996,9349.01371
Hungary,1997,9823.025803
Hungary,1998,10398.02924
Hungary,1999,10873.24787
Hungary,2000,11854.68344
Hungary,2001,13211.82701
Hungary,2002,14526.38825
Hungary,2003,15479.10108
Hungary,2004,16269.30879
Hungary,2005,17108.3406
Hungary,2006,18383.63219
Hungary,2007,19098.62628
Hungary,2008,20721.50241
Hungary,2009,20722.06542
Hungary,2010,21738.89665
Hungary,2011,23029.44718
Hungary,2012,23267.44839
Hungary,2013,24547.98046
Hungary,2014,25691.52734
Hungary,2015,26798.85423
Hungary,2016,27941.92675
Hungary,2017,29496.16375
Hungary,2018,31908.86343
Hungary,2019,35152.6038
Hungary,2020,35029.91327
Hungary,2021,38647.99798
Hungary,2022,43394.76419
Korea,1990,8355.387935
Korea,1991,9474.577826
Korea,1992,10184.84682
Korea,1993,11030.61911
Korea,1994,12187.12939
Korea,1995,13502.58004
Korea,1996,14693.99328
Korea,1997,15721.56197
Korea,1998,14974.49879
Korea,1999,16807.01302
Korea,2000,18538.87931
Korea,2001,19724.49424
Korea,2002,21396.71919
Korea,2003,22096.02308
Korea,2004,23773.59083
Korea,2005,25186.6381
Korea,2006,26884.4294
Korea,2007,29064.70197
Korea,2008,29945.89922
Korea,2009,29508.28276
Korea,2010,31736.70016
Korea,2011,32546.51772
Korea,2012,33557.03045
Korea,2013,34244.23949
Korea,2014,35324.2603
Korea,2015,37902.36102
Korea,2016,39575.30208
Korea,2017,40957.34706
Korea,2018,43044.34015
Korea,2019,43864.89078
Korea,2020,45142.97157
Korea,2021,48594.46622
Korea,2022,51666.49305
United States,1990,23835.31923
United States,1991,24289.54759
United States,1992,25378.62464
United States,1993,26350.49293
United States,1994,27660.26836
United States,1995,28657.51272
United States,1996,29932.15777
United States,1997,31424.43892
United States,1998,32817.982
United States,1999,34479.79436
United States,2000,36299.66218
United States,2001,37100.28574
United States,2002,37954.22201
United States,2003,39419.90737
United States,2004,41659.66269
United States,2005,44052.383
United States,2006,46234.10571
United States,2007,47976.20121
United States,2008,48498.44521
United States,2009,47122.98854
United States,2010,48570.29296
United States,2011,49951.91085
United States,2012,51644.99166
United States,2013,53234.74057
United States,2014,55094.12674
United States,2015,56796.89736
United States,2016,57930.96618
United States,2017,60001.53583
United States,2018,62825.10021
United States,2019,65115.12406
United States,2020,64264.46655
United States,2021,70987.88688
United States,2022,77177.99069
Costa Rica,1991,5499.863082
Costa Rica,1992,6008.48589
Costa Rica,1993,6445.100154
Costa Rica,1994,6683.887118
Costa Rica,1995,6906.601806
Costa Rica,1996,6951.482043
Costa Rica,1997,7268.555279
Costa Rica,1998,7689.86427
Costa Rica,1999,7934.314138
Costa Rica,2000,8247.745652
Costa Rica,2001,8544.268172
Costa Rica,2002,8816.949795
Costa Rica,2003,9244.799762
Costa Rica,2004,9755.749861
Costa Rica,2005,10296.53168
Costa Rica,2006,11214.35481
Costa Rica,2007,12292.27277
Costa Rica,2008,12936.4332
Costa Rica,2009,12711.16512
Costa Rica,2010,13325.31112
Costa Rica,2011,14068.15487
Costa Rica,2012,14852.9299
Costa Rica,2013,15542.36839
Costa Rica,2014,16615.97407
Costa Rica,2015,17649.31485
Costa Rica,2016,19119.33615
Costa Rica,2017,20368.23027
Costa Rica,2018,21312.71338
Costa Rica,2019,23082.51618
Costa Rica,2020,21778.79162
Costa Rica,2021,23667.72402
Costa Rica,2022,26027.85342
Chile,1990,4714.045742
Chile,1991,5166.520334
Chile,1992,5827.459393
Chile,1993,6270.746793
Chile,1994,6653.874501
Chile,1995,7388.385657
Chile,1996,7970.381068
Chile,1997,8589.099766
Chile,1998,8927.893007
Chile,1999,8909.773021
Chile,2000,9440.041922
Chile,2001,9845.971079
Chile,2002,10205.70421
Chile,2003,10779.63942
Chile,2004,11682.59893
Chile,2005,12600.90582
Chile,2006,15589.15751
Chile,2007,16771.18275
Chile,2008,16449.61427
Chile,2009,16028.54954
Chile,2010,18041.31431
Chile,2011,20235.57035
Chile,2012,21458.81233
Chile,2013,22295.74002
Chile,2014,22650.7124
Chile,2015,22563.58218
Chile,2016,23384.61238
Chile,2017,24479.45873
Chile,2018,25496.43105
Chile,2019,25762.12354
Chile,2020,25258.08474
Chile,2021,28873.94915
Chile,2022,31080.12561
Denmark,1990,18234.64328
Denmark,1991,19062.09317
Denmark,1992,19812.69901
Denmark,1993,20214.13028
Denmark,1994,21675.7037
Denmark,1995,22695.60487
Denmark,1996,23737.9139
Denmark,1997,24923.75445
Denmark,1998,25819.8106
Denmark,1999,26657.82737
Denmark,2000,28670.44087
Denmark,2001,29455.81349
Denmark,2002,30639.95369
Denmark,2003,30825.37357
Denmark,2004,32948.91589
Denmark,2005,34152.88166
Denmark,2006,37336.02666
Denmark,2007,39025.33681
Denmark,2008,41282.99547
Denmark,2009,40330.9177
Denmark,2010,43000.91009
Denmark,2011,44407.94207
Denmark,2012,44808.54921
Denmark,2013,46742.93966
Denmark,2014,47905.47708
Denmark,2015,49058.14234
Denmark,2016,51967.02044
Denmark,2017,55356.49009
Denmark,2018,57479.35022
Denmark,2019,60760.52243
Denmark,2020,62544.31117
Denmark,2021,69911.56082
Denmark,2022,77914.57087
Argentina,2022,13651
Argentina,2021,10651
Argentina,2020,8501
Argentina,2019,9964
Argentina,2018,11795
Argentina,2017,14613
Argentina,2016,12790
Argentina,2015,13789
Argentina,2014,12335
Argentina,2013,13080
Argentina,2012,13083
Argentina,2011,12849
Argentina,2010,10386
Argentina,2009,8184
Argentina,2008,8978
Argentina,2007,7211
Argentina,2006,5891
Argentina,2005,5087
Argentina,2004,4258
Argentina,2003,3333
Argentina,2002,2579
Argentina,2001,7169
Argentina,2000,7667
Argentina,1999,7735
Argentina,1998,8251
Argentina,1997,8177
Argentina,1996,7690
Argentina,1995,7384
Argentina,1994,7464
Argentina,1993,6957
Argentina,1992,6815
Argentina,1991,5731
Argentina,1990,4331
China (People’s Republic of),1990,347.5783659
China (People’s Republic of),1991,359.2132687
China (People’s Republic of),1992,423.3044301
China (People’s Republic of),1993,525.3656924
China (People’s Republic of),1994,473.4899164
China (People’s Republic of),1995,609.6043379
China (People’s Republic of),1996,709.4158882
China (People’s Republic of),1997,781.7425612
China (People’s Republic of),1998,828.594691
China (People’s Republic of),1999,873.297611
China (People’s Republic of),2000,959.3604313
China (People’s Republic of),2001,1053.112314
China (People’s Republic of),2002,1148.514257
China (People’s Republic of),2003,1288.637491
China (People’s Republic of),2004,1508.667916
China (People’s Republic of),2005,1753.414192
China (People’s Republic of),2006,2099.21943
China (People’s Republic of),2007,2693.958732
China (People’s Republic of),2008,3468.327063
China (People’s Republic of),2009,3832.227457
China (People’s Republic of),2010,4550.473944
China (People’s Republic of),2011,5614.386022
China (People’s Republic of),2012,6300.58218
China (People’s Republic of),2013,7020.386074
China (People’s Republic of),2014,7636.07434
China (People’s Republic of),2015,8016.445595
China (People’s Republic of),2016,8094.390167
China (People’s Republic of),2017,8817.045608
China (People’s Republic of),2018,9905.406383
China (People’s Republic of),2019,10143.86022
China (People’s Republic of),2020,10408.71955
China (People’s Republic of),2021,12617.5051
China (People’s Republic of),2022,12720.21632
Croatia,2001,5364.010241
Croatia,2002,6219.473213
Croatia,2003,8192.322633
Croatia,2004,9723.381024
Croatia,2005,10446.36149
Croatia,2006,11505.39984
Croatia,2007,13762.45626
Croatia,2008,15898.7999
Croatia,2009,14421.17148
Croatia,2010,13693.50003
Croatia,2011,14655.87439
Croatia,2012,13439.66456
Croatia,2013,13979.18556
Croatia,2014,14001.16034
Croatia,2015,12098.51203
Croatia,2016,12579.9227
Croatia,2017,13592.25452
Croatia,2018,15040.03692
Croatia,2019,15120.9029
Croatia,2020,14269.90885
Croatia,2021,17809.03239
Croatia,2022,18570.404
Peru,1990,1194.548315
Peru,1991,1520.677362
Peru,1992,1560.546504
Peru,1993,1481.340989
Peru,1994,1871.392109
Peru,1995,2180.566639
Peru,1996,2218.321747
Peru,1997,2292.396517
Peru,1998,2149.701063
Peru,1999,1911.735017
Peru,2000,1941.31826
Peru,2001,1925.97942
Peru,2002,2003.971081
Peru,2003,2126.137824
Peru,2004,2393.665897
Peru,2005,2702.237701
Peru,2006,3123.320159
Peru,2007,3572.363589
Peru,2008,4184.885982
Peru,2009,4164.970483
Peru,2010,5047.204643
Peru,2011,5826.832307
Peru,2012,6475.720443
Peru,2013,6697.187747
Peru,2014,6614.83082
Peru,2015,6180.119268
Peru,2016,6163.860425
Peru,2017,6676.308793
Peru,2018,6912.103988
Peru,2019,6955.880824
Peru,2020,6063.626923
Peru,2021,6635.464148
Peru,2022,7125.829931
Bulgaria,2022,13974
Bulgaria,2021,12219
Bulgaria,2020,10148
Bulgaria,2019,9874
Bulgaria,2018,9448
Bulgaria,2017,8382
Bulgaria,2016,7571
Bulgaria,2015,7079
Bulgaria,2014,7912
Bulgaria,2013,7688
Bulgaria,2012,7431
Bulgaria,2011,7857
Bulgaria,2010,6864
Bulgaria,2009,6988
Bulgaria,2008,7271
Bulgaria,2007,5889
Bulgaria,2006,4523
Bulgaria,2005,3900
Bulgaria,2004,3390
Bulgaria,2003,2719
Bulgaria,2002,2093
Bulgaria,2001,1771
Bulgaria,2000,1621
Bulgaria,1999,1660
Bulgaria,1998,1820
Bulgaria,1997,1361
Bulgaria,1996,1470
Bulgaria,1995,2259
Bulgaria,1994,1148
Bulgaria,1993,1279
Bulgaria,1992,1212
Bulgaria,1991,1268
Bulgaria,1990,2367
South Africa,2022,6766
South Africa,2021,7074
South Africa,2020,5753
South Africa,2019,6703
South Africa,2018,7068
South Africa,2017,6734
South Africa,2016,5735
South Africa,2015,6205
South Africa,2014,6965
South Africa,2013,7441
South Africa,2012,8174
South Africa,2011,8737
South Africa,2010,8060
South Africa,2009,6444
South Africa,2008,6252
South Africa,2007,6662
South Africa,2006,6140
South Africa,2005,5893
South Africa,2004,5268
South Africa,2003,4096
South Africa,2002,2708
South Africa,2001,2867
South Africa,2000,3242
South Africa,1999,3268
South Africa,1998,3336
South Africa,1997,3731
South Africa,1996,3655
South Africa,1995,3904
South Africa,1994,3548
South Africa,1993,3461
South Africa,1992,3519
South Africa,1991,3305
South Africa,1990,3161
India,2022,2411
India,2021,2238
India,2020,1913
India,2019,2050
India,2018,1974
India,2017,1958
India,2016,1714
India,2015,1590
India,2014,1560
India,2013,1438
India,2012,1434
India,2011,1450
India,2010,1351
India,2009,1097
India,2008,994
India,2007,1023
India,2006,802
India,2005,711
India,2004,624
India,2003,544
India,2002,469
India,2001,450
India,2000,442
India,1999,441
India,1998,413
India,1997,415
India,1996,400
India,1995,374
India,1994,346
India,1993,302
India,1992,318
India,1991,304
India,1990,369
Russia,2022,15271
Russia,2021,12532
Russia,2020,10194
Russia,2019,11536
Russia,2018,11287
Russia,2017,10720
Russia,2016,8705
Russia,2015,9313
Russia,2014,14096
Russia,2013,15975
Russia,2012,15421
Russia,2011,14311
Russia,2010,10675
Russia,2009,8563
Russia,2008,11635
Russia,2007,9101
Russia,2006,6920
Russia,2005,5323
Russia,2004,4102
Russia,2003,2975
Russia,2002,2378
Russia,2001,2100
Russia,2000,1772
Russia,1999,1331
Russia,1998,1835
Russia,1997,2738
Russia,1996,2644
Russia,1995,2666
Russia,1994,2662
Russia,1993,2931
Russia,1992,3099
Russia,1991,3490
Russia,1990,3494
Romania,2022,15787
Romania,2021,14947
Romania,2020,13047
Romania,2019,12958
Romania,2018,12494
Romania,2017,10728
Romania,2016,9404
Romania,2015,8977
Romania,2014,10031
Romania,2013,9497
Romania,2012,8931
Romania,2011,9560
Romania,2010,8398
Romania,2009,8548
Romania,2008,10435
Romania,2007,8360
Romania,2006,5758
Romania,2005,4618
Romania,2004,3495
Romania,2003,2679
Romania,2002,2120
Romania,2001,1825
Romania,2000,1660
Romania,1999,1600
Romania,1998,1853
Romania,1997,1577
Romania,1996,1633
Romania,1995,1650
Romania,1994,1323
Romania,1993,1158
Romania,1992,1102
Romania,1991,1254
Romania,1990,1648
Brazil,2022,8918
Brazil,2021,7697
Brazil,2020,6924
Brazil,2019,8845
Brazil,2018,9121
Brazil,2017,9897
Brazil,2016,8681
Brazil,2015,8783
Brazil,2014,12071
Brazil,2013,12259
Brazil,2012,12328
Brazil,2011,13201
Brazil,2010,11249
Brazil,2009,8570
Brazil,2008,8802
Brazil,2007,7323
Brazil,2006,5866
Brazil,2005,4773
Brazil,2004,3623
Brazil,2003,3057
Brazil,2002,2825
Brazil,2001,3142
Brazil,2000,3727
Brazil,1999,3456
Brazil,1998,5050
Brazil,1997,5240
Brazil,1996,5122
Brazil,1995,4705
Brazil,1994,3393
Brazil,1993,2766
Brazil,1992,2505
Brazil,1991,2656
Brazil,1990,3065
Indonesia,2022,4788
Indonesia,2021,4334
Indonesia,2020,3896
Indonesia,2019,4151
Indonesia,2018,3903
Indonesia,2017,3840
Indonesia,2016,3559
Indonesia,2015,3323
Indonesia,2014,3477
Indonesia,2013,3603
Indonesia,2012,3668
Indonesia,2011,3614
Indonesia,2010,3094
Indonesia,2009,2239
Indonesia,2008,2144
Indonesia,2007,1840
Indonesia,2006,1573
Indonesia,2005,1249
Indonesia,2004,1137
Indonesia,2003,1052
Indonesia,2002,889
Indonesia,2001,739
Indonesia,2000,771
Indonesia,1999,664
Indonesia,1998,459
Indonesia,1997,1054
Indonesia,1996,1129
Indonesia,1995,1020
Indonesia,1994,907
Indonesia,1993,824
Indonesia,1992,679
Indonesia,1991,629
Indonesia,1990,583
Costa Rica,1990,1808
Slovenia,1991,12063.54871
Slovenia,1992,12436.64816
Slovenia,1993,12821.28676
Slovenia,1994,13217.8214
Hungary,1990,8091.4102
Lithuania,1990,5089.278616
Lithuania,1991,5246.678986
Lithuania,1992,5408.947408
Lithuania,1993,5576.234441
Lithuania,1994,5748.6953
Israel,1990,17663.90129
Israel,1991,18210.20751
Israel,1992,18773.40981
Israel,1993,19354.03073
Israel,1994,19952.609
