Country,Year,Life Expectancy,Female,Male,GDP Per Capita (USD)
Norway,1990,76.6,79.9,73.4,18450.61
Norway,1991,77.1,80.2,74.0,19566.02
Norway,1992,77.3,80.5,74.2,20611.17
Norway,1993,77.2,80.3,74.2,21569.2
Norway,1994,77.9,80.8,74.9,23010.06
Norway,1995,77.9,80.9,74.8,24345.33
Norway,1996,78.3,81.2,75.4,26818.37
Norway,1997,78.3,81.1,75.5,28604.39
Norway,1998,78.5,81.4,75.6,28201.38
Norway,1999,78.4,81.2,75.6,30573.14
Norway,2000,78.8,81.5,76.0,36986.22
Norway,2001,79.0,81.6,76.2,37831.39
Norway,2002,79.0,81.6,76.4,38057.58
Norway,2003,79.6,82.1,77.1,38683.48
Norway,2004,80.1,82.5,77.6,42672.1
Norway,2005,80.3,82.7,77.8,47969.89
Norway,2006,80.6,82.9,78.2,54365.41
Norway,2007,80.6,82.9,78.3,56183.13
Norway,2008,80.8,83.2,78.4,62075.51
Norway,2009,81.0,83.2,78.7,55615.47
Norway,2010,81.2,83.3,79.0,58222.62
Norway,2011,81.4,83.6,79.1,62461.2
Norway,2012,81.5,83.5,79.5,65768.75
Norway,2013,81.8,83.8,79.8,67372.93
Norway,2014,82.2,84.2,80.1,66335.46
Norway,2015,82.4,84.2,80.5,60721.58
Norway,2016,82.5,84.2,80.7,59263.43
Norway,2017,82.7,84.3,81.0,64589.16
Norway,2018,82.8,84.5,81.1,70252.74
Norway,2019,83.0,84.7,81.3,70938.23
Norway,2020,83.3,84.9,81.6,67116.53
Norway,2021,83.2,84.7,81.7,89214.42
Norway,2022,82.6,84.2,81.0,124255.73
Argentina,1990,71.4,74.7,68.1,4331.0
Argentina,1991,71.8,75.0,68.6,5731.0
Argentina,1992,72.3,75.6,69.0,6815.0
Argentina,1993,72.4,75.7,69.1,6957.0
Argentina,1994,72.6,75.9,69.2,7464.0
Argentina,1995,73.2,76.0,70.2,7384.0
Argentina,1996,73.1,76.2,70.0,7690.0
Argentina,1997,73.3,76.4,70.1,8177.0
Argentina,1998,73.1,76.5,69.7,8251.0
Argentina,1999,73.5,76.8,70.1,7735.0
Argentina,2000,73.7,77.0,70.4,7667.0
Argentina,2001,73.9,77.2,70.6,7169.0
Argentina,2002,74.2,77.6,70.7,2579.0
Argentina,2003,74.4,78.1,70.8,3333.0
Argentina,2004,74.1,77.3,70.8,4258.0
Argentina,2005,74.9,78.1,71.5,5087.0
Argentina,2006,75.1,78.5,71.7,5891.0
Argentina,2007,75.4,78.7,72.1,7211.0
Argentina,2008,75.0,78.5,71.5,8978.0
Argentina,2009,75.6,78.9,72.3,8184.0
Argentina,2010,75.9,79.1,72.7,10386.0
Argentina,2011,75.7,78.8,72.5,12849.0
Argentina,2012,76.1,79.3,72.8,13083.0
Argentina,2013,76.5,80.0,72.9,13080.0
Argentina,2014,76.5,79.9,73.0,12335.0
Argentina,2015,76.8,80.0,73.4,13789.0
Argentina,2016,76.8,80.2,73.3,12790.0
Argentina,2017,76.3,79.7,72.9,14613.0
Argentina,2018,76.8,80.1,73.5,11795.0
Argentina,2019,77.0,80.3,73.6,9964.0
Argentina,2020,77.3,80.7,73.9,8501.0
Argentina,2021,75.9,79.3,72.5,10651.0
Argentina,2022,75.4,78.6,72.2,13651.0
Switzerland,1990,77.5,80.9,74.0,28104.35
Switzerland,1991,77.8,81.4,74.2,28438.0
Switzerland,1992,78.1,81.6,74.5,28809.52
Switzerland,1993,78.4,81.7,75.0,29262.37
Switzerland,1994,78.7,82.0,75.2,30060.31
Switzerland,1995,78.7,81.9,75.4,30564.56
Switzerland,1996,79.2,82.2,76.0,31231.68
Switzerland,1997,79.4,82.2,76.3,32434.88
Switzerland,1998,79.6,82.7,76.4,33542.63
Switzerland,1999,79.9,82.7,76.8,34401.81
Switzerland,2000,80.0,82.8,77.0,36349.37
Switzerland,2001,80.5,83.2,77.5,37518.64
Switzerland,2002,80.6,83.2,77.9,38410.6
Switzerland,2003,80.7,83.2,78.0,38448.9
Switzerland,2004,81.3,83.8,78.6,39885.81
Switzerland,2005,81.5,84.0,78.7,41244.64
Switzerland,2006,81.8,84.2,79.2,45965.74
Switzerland,2007,82.0,84.4,79.5,50589.67
Switzerland,2008,82.3,84.6,79.8,53498.01
Switzerland,2009,82.3,84.6,79.9,52730.63
Switzerland,2010,82.7,84.9,80.3,54342.57
Switzerland,2011,82.8,85.0,80.5,57493.57
Switzerland,2012,82.8,84.9,80.6,59440.93
Switzerland,2013,82.9,85.0,80.7,61656.49
Switzerland,2014,83.3,85.4,81.1,63417.04
Switzerland,2015,83.0,85.1,80.8,65265.05
Switzerland,2016,83.7,85.6,81.7,67350.74
Switzerland,2017,83.7,85.6,81.6,68193.5
Switzerland,2018,83.8,85.7,81.9,70688.84
Switzerland,2019,84.0,85.8,82.1,73732.23
Switzerland,2020,83.1,85.1,81.0,72997.82
Switzerland,2021,83.9,85.8,81.8,81603.19
Switzerland,2022,83.5,85.4,81.6,90732.72
Costa Rica,1990,75.7,78.3,73.1,1808.0
Costa Rica,1991,75.8,78.5,73.3,5499.86
Costa Rica,1992,76.0,78.6,73.5,6008.49
Costa Rica,1993,76.2,78.8,73.7,6445.1
Costa Rica,1994,76.4,78.9,74.0,6683.89
Costa Rica,1995,76.6,79.1,74.2,6906.6
Costa Rica,1996,76.8,79.2,74.4,6951.48
Costa Rica,1997,76.9,79.4,74.6,7268.56
Costa Rica,1998,77.1,79.5,74.8,7689.86
Costa Rica,1999,77.3,79.7,75.0,7934.31
Costa Rica,2000,77.8,80.2,75.5,8247.75
Costa Rica,2001,78.1,80.4,75.7,8544.27
Costa Rica,2002,78.3,80.6,76.0,8816.95
Costa Rica,2003,78.5,80.8,76.1,9244.8
Costa Rica,2004,78.6,81.0,76.2,9755.75
Costa Rica,2005,78.8,81.2,76.4,10296.53
Costa Rica,2006,79.0,81.4,76.5,11214.35
Costa Rica,2007,79.1,81.6,76.6,12292.27
Costa Rica,2008,79.3,81.8,76.8,12936.43
Costa Rica,2009,79.4,82.0,76.9,12711.17
Costa Rica,2010,79.1,81.6,76.6,13325.31
Costa Rica,2011,79.1,81.6,76.6,14068.15
Costa Rica,2012,79.4,81.9,76.9,14852.93
Costa Rica,2013,79.6,82.1,77.1,15542.37
Costa Rica,2014,79.7,82.3,77.2,16615.97
Costa Rica,2015,79.9,82.4,77.4,17649.31
Costa Rica,2016,80.0,82.6,77.5,19119.34
Costa Rica,2017,80.2,82.7,77.6,20368.23
Costa Rica,2018,80.3,82.9,77.8,21312.71
Costa Rica,2019,80.5,83.0,77.9,23082.52
Costa Rica,2020,80.6,83.2,78.1,21778.79
Costa Rica,2021,80.8,83.3,78.2,23667.72
Costa Rica,2022,80.9,83.5,78.3,26027.85
Korea,1990,71.7,75.9,67.5,8355.39
Korea,1991,72.2,76.4,67.9,9474.58
Korea,1992,72.6,76.8,68.4,10184.85
Korea,1993,73.1,77.3,68.9,11030.62
Korea,1994,73.5,77.7,69.3,12187.13
Korea,1995,73.8,77.9,69.7,13502.58
Korea,1996,74.2,78.3,70.2,14693.99
Korea,1997,74.7,78.7,70.7,15721.56
Korea,1998,75.1,79.0,71.2,14974.5
Korea,1999,75.5,79.2,71.8,16807.01
Korea,2000,76.0,79.7,72.3,18538.88
Korea,2001,76.5,80.1,72.9,19724.49
Korea,2002,76.8,80.3,73.4,21396.72
Korea,2003,77.3,80.8,73.8,22096.02
Korea,2004,77.8,81.2,74.3,23773.59
Korea,2005,78.2,81.6,74.9,25186.64
Korea,2006,78.8,82.1,75.4,26884.43
Korea,2007,79.2,82.5,75.9,29064.7
Korea,2008,79.6,83.0,76.2,29945.9
Korea,2009,80.0,83.4,76.7,29508.28
Korea,2010,80.2,83.6,76.8,31736.7
Korea,2011,80.6,84.0,77.3,32546.52
Korea,2012,80.9,84.2,77.6,33557.03
Korea,2013,81.4,84.6,78.1,34244.24
Korea,2014,81.8,85.0,78.6,35324.26
Korea,2015,82.1,85.2,79.0,37902.36
Korea,2016,82.4,85.4,79.3,39575.3
Korea,2017,82.7,85.7,79.7,40957.35
Korea,2018,82.7,85.7,79.7,43044.34
Korea,2019,83.3,86.3,80.3,43864.89
Korea,2020,83.5,86.5,80.5,45142.97
Korea,2021,83.6,86.6,80.6,48594.47
Slovenia,1990,73.9,77.8,69.8,
Slovenia,1991,73.6,77.5,69.5,12063.55
Slovenia,1992,73.7,77.6,69.6,12436.65
Slovenia,1993,73.6,77.6,69.4,12821.29
Slovenia,1994,74.0,77.8,70.1,13217.82
Slovenia,1995,74.7,78.5,70.8,13626.62
Slovenia,1996,75.2,79.0,71.1,14294.48
Slovenia,1997,75.2,79.1,71.1,15277.12
Slovenia,1998,75.3,79.2,71.3,16050.08
Slovenia,1999,75.7,79.5,71.8,17077.49
Slovenia,2000,76.2,79.9,72.2,17999.25
Slovenia,2001,76.4,80.4,72.3,18954.83
Slovenia,2002,76.6,80.5,72.6,20236.43
Slovenia,2003,76.4,80.3,72.5,21107.78
Slovenia,2004,77.2,80.8,73.5,22758.64
Slovenia,2005,77.5,80.9,73.9,23848.6
Slovenia,2006,78.3,82.0,74.5,25707.72
Slovenia,2007,78.4,82.0,74.6,27566.25
Slovenia,2008,79.1,82.6,75.5,29594.67
Slovenia,2009,79.4,82.7,75.9,27510.08
Slovenia,2010,79.8,83.1,76.4,27818.84
Slovenia,2011,80.1,83.3,76.8,28931.42
Slovenia,2012,80.3,83.3,77.1,29048.33
Slovenia,2013,80.5,83.6,77.2,29979.62
Slovenia,2014,81.2,84.1,78.2,30872.73
Slovenia,2015,80.9,83.9,77.8,31631.84
Slovenia,2016,81.2,84.3,78.2,33942.77
Slovenia,2017,81.2,84.0,78.2,36517.58
Slovenia,2018,81.5,84.4,78.5,39008.3
Slovenia,2019,81.6,84.5,78.7,42735.11
Slovenia,2020,80.6,83.4,77.8,42033.26
Slovenia,2021,80.7,83.8,77.7,46509.76
Slovenia,2022,81.3,84.1,78.6,51364.49
Mexico,1990,70.9,74.0,67.0,7536.47
Mexico,1991,71.6,74.6,68.6,7976.83
Mexico,1992,71.9,74.9,68.9,8313.77
Mexico,1993,72.0,74.9,69.2,8651.25
Mexico,1994,72.3,75.1,69.4,9080.12
Mexico,1995,72.2,75.0,69.5,8590.14
Mexico,1996,72.7,75.4,70.0,9156.95
Mexico,1997,73.1,75.9,70.4,9849.0
Mexico,1998,73.5,76.3,70.7,10438.42
Mexico,1999,74.0,76.7,71.3,10743.96
Mexico,2000,74.7,77.4,72.0,11441.0
Mexico,2001,75.0,77.7,72.4,11506.2
Mexico,2002,75.1,77.7,72.4,11549.28
Mexico,2003,75.1,77.7,72.4,11865.5
Mexico,2004,75.4,78.0,72.8,12471.7
Mexico,2005,75.2,77.8,72.6,13093.89
Mexico,2006,75.5,78.2,72.9,14385.7
Mexico,2007,75.4,78.0,72.7,14892.04
Mexico,2008,75.2,78.1,72.2,15549.54
Mexico,2009,74.9,77.9,71.9,15078.26
Mexico,2010,74.8,77.9,71.6,15815.91
Mexico,2011,74.9,78.0,71.8,17200.94
Mexico,2012,75.0,78.0,72.0,18287.36
Mexico,2013,75.0,78.0,72.1,18481.03
Mexico,2014,75.0,77.8,72.1,19153.92
Mexico,2015,74.7,77.6,71.9,19395.33
Mexico,2016,74.8,77.7,72.0,20410.42
Mexico,2017,74.9,77.8,72.0,20756.35
Mexico,2018,75.0,77.9,72.2,21131.37
Mexico,2019,75.1,78.0,72.2,21116.85
Mexico,2020,75.2,78.1,72.4,19413.76
Mexico,2021,75.4,78.2,72.5,20981.22
Canada,1990,77.5,80.7,74.3,20229.75
Canada,1991,77.7,80.8,74.5,20224.68
Canada,1992,77.9,81.1,74.8,20626.21
Canada,1993,77.8,80.9,74.7,21440.05
Canada,1994,78.0,81.0,74.9,22632.83
Canada,1995,78.1,81.0,75.1,23485.64
Canada,1996,78.3,81.2,75.4,24050.18
Canada,1997,78.5,81.3,75.7,25259.73
Canada,1998,78.7,81.4,76.0,26319.93
Canada,1999,78.9,81.6,76.2,27841.63
Canada,2000,79.3,81.8,76.6,29362.29
Canada,2001,79.5,82.0,76.9,30231.05
Canada,2002,79.6,82.0,77.2,30964.09
Canada,2003,79.8,82.2,77.3,32351.67
Canada,2004,80.1,82.4,77.7,33927.86
Canada,2005,80.2,82.5,77.8,36328.81
Canada,2006,80.7,82.9,78.3,38120.15
Canada,2007,80.7,82.9,78.3,39575.49
Canada,2008,80.8,83.1,78.5,40376.11
Canada,2009,81.2,83.3,78.9,38864.05
Canada,2010,81.4,83.5,79.2,40098.3
Canada,2011,81.6,83.7,79.4,41666.85
Canada,2012,81.8,83.8,79.6,42291.89
Canada,2013,81.8,83.9,79.7,44300.99
Canada,2014,81.9,83.9,79.8,45758.13
Canada,2015,81.9,83.9,79.9,44668.07
Canada,2016,82.0,84.0,79.9,46470.68
Canada,2017,81.9,84.0,79.8,48317.4
Canada,2018,81.9,84.0,79.8,49982.65
Canada,2019,82.3,84.4,80.2,50498.96
Canada,2020,81.7,84.0,79.5,48590.72
Canada,2021,81.6,84.0,79.3,55781.7
Czechia,1990,71.5,75.5,67.6,12680.07
Czechia,1991,72.0,75.8,68.2,11647.05
Czechia,1992,72.4,76.3,68.6,11841.66
Czechia,1993,72.9,76.5,69.3,12114.82
Czechia,1994,73.2,76.8,69.5,12726.66
Czechia,1995,73.3,76.8,69.7,13845.45
Czechia,1996,74.0,77.5,70.4,14684.44
Czechia,1997,74.1,77.6,70.5,14822.62
Czechia,1998,74.7,78.2,71.2,14976.79
Czechia,1999,74.9,78.3,71.5,15397.92
Czechia,2000,75.1,78.5,71.6,16209.98
Czechia,2001,75.3,78.5,72.0,17613.18
Czechia,2002,75.4,78.7,72.1,18245.67
Czechia,2003,75.3,78.6,72.0,19524.49
Czechia,2004,75.9,79.1,72.5,20912.53
Czechia,2005,76.1,79.2,72.9,22046.0
Czechia,2006,76.7,79.9,73.5,23858.91
Czechia,2007,77.0,80.2,73.8,26227.58
Czechia,2008,77.3,80.5,74.1,27853.55
Czechia,2009,77.4,80.5,74.3,27634.86
Czechia,2010,77.7,80.9,74.5,27763.6
Czechia,2011,78.0,81.1,74.8,28999.75
Czechia,2012,78.1,81.2,75.1,29258.9
Czechia,2013,78.3,81.3,75.2,30828.53
Czechia,2014,78.9,82.0,75.8,32504.22
Czechia,2015,78.7,81.6,75.7,33909.31
Czechia,2016,79.1,82.1,76.1,36101.29
Czechia,2017,79.1,82.0,76.1,38842.9
Czechia,2018,79.1,82.0,76.2,41157.37
Czechia,2019,79.3,82.2,76.4,44870.5
Czechia,2020,78.3,81.3,75.3,43913.1
Czechia,2021,77.2,80.5,74.1,47551.16
Czechia,2022,79.1,82.0,76.2,51625.6
Luxembourg,1990,75.7,78.7,72.4,29924.24
Luxembourg,1991,75.7,79.3,72.0,33158.9
Luxembourg,1992,75.3,78.6,71.9,34065.28
Luxembourg,1993,76.0,79.6,72.2,35826.34
Luxembourg,1994,76.7,79.9,73.2,37443.85
Luxembourg,1995,76.8,80.6,73.0,38236.78
Luxembourg,1996,76.8,80.2,73.3,39684.75
Luxembourg,1997,77.1,80.0,74.0,42437.28
Luxembourg,1998,77.3,80.8,73.7,44215.62
Luxembourg,1999,78.0,81.4,74.4,49744.97
Luxembourg,2000,78.0,81.3,74.6,55039.13
Luxembourg,2001,78.0,80.7,75.1,56098.98
Luxembourg,2002,78.1,81.5,74.6,58513.39
Luxembourg,2003,77.9,80.8,74.8,60115.73
Luxembourg,2004,79.2,82.4,76.0,64635.57
Luxembourg,2005,79.6,82.3,76.7,68707.78
Luxembourg,2006,79.4,81.9,76.8,78829.97
Luxembourg,2007,79.5,82.2,76.7,85004.03
Luxembourg,2008,80.7,83.1,78.1,90863.78
Luxembourg,2009,80.8,83.3,78.1,86797.43
Luxembourg,2010,80.8,83.5,77.9,90241.98
Luxembourg,2011,81.1,83.6,78.5,94278.92
Luxembourg,2012,81.5,83.8,79.1,96535.75
Luxembourg,2013,81.9,83.9,79.8,100561.37
Luxembourg,2014,82.3,85.2,79.4,104917.95
Luxembourg,2015,82.4,84.7,80.0,107898.3
Luxembourg,2016,82.7,85.4,80.1,112955.47
Luxembourg,2017,82.1,84.4,79.9,114862.53
Luxembourg,2018,82.3,84.6,80.1,116334.92
Luxembourg,2019,82.7,85.2,80.2,121105.79
Luxembourg,2020,82.2,84.5,79.9,121973.63
Luxembourg,2021,82.7,84.8,80.5,137716.45
Luxembourg,2022,83.0,85.3,80.9,145971.05
Poland,1990,70.7,75.3,66.3,6200.65
Poland,1991,70.4,75.1,65.9,5948.42
Poland,1992,71.0,75.6,66.5,6226.53
Poland,1993,71.5,75.9,67.2,6604.1
Poland,1994,71.8,76.1,67.5,7096.38
Poland,1995,72.0,76.4,67.7,7744.3
Poland,1996,72.3,76.6,68.1,8347.67
Poland,1997,72.7,77.0,68.5,9018.43
Poland,1998,73.1,77.4,68.9,9581.73
Poland,1999,73.1,77.5,68.8,10143.3
Poland,2000,73.8,78.0,69.6,10674.21
Poland,2001,74.2,78.4,70.0,11122.15
Poland,2002,74.5,78.8,70.3,11803.76
Poland,2003,74.7,78.8,70.5,12292.22
Poland,2004,74.9,79.2,70.6,13354.84
Poland,2005,75.0,79.3,70.8,13898.41
Poland,2006,75.3,79.7,70.9,15155.93
Poland,2007,75.4,79.8,71.0,16808.66
Poland,2008,75.6,80.0,71.3,18308.04
Poland,2009,75.9,80.1,71.5,19073.69
Poland,2010,76.4,80.7,72.2,20630.05
Poland,2011,76.8,81.1,72.5,22386.23
Poland,2012,76.9,81.1,72.6,23300.92
Poland,2013,77.1,81.2,73.0,24028.19
Poland,2014,77.8,81.7,73.7,25005.66
Poland,2015,77.5,81.6,73.5,26495.81
Poland,2016,78.0,82.0,73.9,27830.93
Poland,2017,77.8,81.8,73.9,29609.45
Poland,2018,77.7,81.7,73.7,31662.21
Poland,2019,78.0,81.9,74.1,35099.14
Poland,2020,76.5,80.7,72.5,35891.21
Poland,2021,75.5,79.6,71.6,40022.79
Poland,2022,77.4,81.3,73.5,45478.99
Latvia,2002,70.2,75.8,64.4,10080.31
Latvia,2003,70.6,75.7,65.3,11060.97
Latvia,2004,70.9,76.0,65.6,12279.67
Latvia,2005,70.6,76.3,64.9,13914.16
Latvia,2006,70.6,76.1,65.0,15857.14
Latvia,2007,70.8,76.2,65.3,18234.86
Latvia,2008,72.1,77.5,66.5,19569.63
Latvia,2009,72.8,77.7,67.5,17020.76
Latvia,2010,73.1,78.0,67.9,17706.16
Latvia,2011,73.9,78.8,68.6,19256.74
Latvia,2012,74.1,78.9,68.9,21297.51
Latvia,2013,74.3,78.9,69.3,22637.27
Latvia,2014,74.5,79.4,69.1,23810.01
Latvia,2015,74.8,79.5,69.7,24975.54
Latvia,2016,74.9,79.6,69.8,26724.54
Latvia,2017,74.9,79.7,69.8,28689.65
Latvia,2018,75.1,79.7,70.1,30891.88
Latvia,2019,75.7,80.1,70.9,33305.57
Latvia,2020,75.5,80.0,70.6,33725.72
Latvia,2021,73.1,78.0,68.2,36806.73
Latvia,2022,74.8,79.6,69.8,40957.41
Slovak Republic,1990,71.1,75.7,66.7,
Slovak Republic,1991,71.1,75.5,66.9,
Slovak Republic,1992,71.5,76.0,67.1,7181.71
Slovak Republic,1993,72.0,76.3,67.8,7466.4
Slovak Republic,1994,72.5,76.7,68.3,8065.9
Slovak Republic,1995,72.4,76.5,68.4,8689.5
Slovak Republic,1996,72.9,77.0,68.8,9403.69
Slovak Republic,1997,72.9,76.9,68.9,10083.93
Slovak Republic,1998,72.8,77.0,68.6,10622.31
Slovak Republic,1999,73.2,77.4,69.0,10714.99
Slovak Republic,2000,73.3,77.5,69.2,11352.76
Slovak Republic,2001,73.6,77.7,69.5,12388.12
Slovak Republic,2002,73.8,77.7,69.8,13307.88
Slovak Republic,2003,73.8,77.7,69.8,14166.19
Slovak Republic,2004,74.2,78.0,70.3,15198.24
Slovak Republic,2005,74.1,78.1,70.2,16595.26
Slovak Republic,2006,74.5,78.4,70.4,18851.24
Slovak Republic,2007,74.6,78.4,70.6,21140.88
Slovak Republic,2008,74.9,79.0,70.9,23608.98
Slovak Republic,2009,75.3,79.1,71.4,22946.34
Slovak Republic,2010,75.6,79.3,71.8,25218.34
Slovak Republic,2011,76.1,79.8,72.3,26260.18
Slovak Republic,2012,76.3,79.9,72.5,27000.73
Slovak Republic,2013,76.6,80.1,72.9,28021.09
Slovak Republic,2014,77.0,80.5,73.3,29029.59
Slovak Republic,2015,76.7,80.2,73.1,30062.18
Slovak Republic,2016,77.3,80.7,73.8,29737.53
Slovak Republic,2017,77.3,80.7,73.8,30147.02
Slovak Republic,2018,77.4,80.8,73.9,31374.19
Slovak Republic,2019,77.8,81.2,74.3,33949.0
Slovak Republic,2020,77.0,80.4,73.5,34988.9
Slovak Republic,2021,74.6,78.2,71.2,37840.73
Slovak Republic,2022,77.2,80.6,73.7,40586.47
China (People’s Republic of),1990,67.8,70.3,65.5,347.58
China (People’s Republic of),1991,68.0,70.4,65.7,359.21
China (People’s Republic of),1992,68.2,70.3,66.1,423.3
China (People’s Republic of),1993,68.7,71.0,66.6,525.37
China (People’s Republic of),1994,69.2,71.5,67.0,473.49
China (People’s Republic of),1995,69.5,71.7,67.4,609.6
China (People’s Republic of),1996,70.0,72.3,67.8,709.42
China (People’s Republic of),1997,70.3,72.5,68.2,781.74
China (People’s Republic of),1998,70.7,72.9,68.6,828.59
China (People’s Republic of),1999,71.2,73.6,68.9,873.3
China (People’s Republic of),2000,71.4,73.6,69.4,959.36
China (People’s Republic of),2001,71.9,74.2,69.7,1053.11
China (People’s Republic of),2002,72.6,75.3,70.2,1148.51
China (People’s Republic of),2003,73.0,75.6,70.5,1288.64
China (People’s Republic of),2004,73.4,76.0,70.9,1508.67
China (People’s Republic of),2005,73.7,76.4,71.3,1753.41
China (People’s Republic of),2006,74.1,76.8,71.6,2099.22
China (People’s Republic of),2007,74.5,77.2,72.0,2693.96
China (People’s Republic of),2008,74.8,77.5,72.2,3468.33
China (People’s Republic of),2009,74.9,77.6,72.4,3832.23
China (People’s Republic of),2010,75.3,78.1,72.8,4550.47
China (People’s Republic of),2011,75.6,78.3,73.1,5614.39
China (People’s Republic of),2012,75.9,78.6,73.4,6300.58
China (People’s Republic of),2013,76.2,79.0,73.6,7020.39
China (People’s Republic of),2014,76.5,79.2,73.9,7636.07
China (People’s Republic of),2015,76.7,79.5,74.1,8016.45
China (People’s Republic of),2016,77.0,79.8,74.4,8094.39
China (People’s Republic of),2017,77.2,80.1,74.6,8817.05
China (People’s Republic of),2018,77.2,80.3,74.4,9905.41
China (People’s Republic of),2019,77.7,80.6,75.0,10143.86
China (People’s Republic of),2020,78.0,80.8,75.3,10408.72
China (People’s Republic of),2021,78.1,81.1,75.3,12617.51
China (People’s Republic of),2022,78.2,81.2,75.5,12720.22
Chile,1990,73.4,76.6,70.2,4714.05
Chile,1991,73.8,76.9,70.7,5166.52
Chile,1992,74.1,77.2,71.1,5827.46
Chile,1993,74.4,77.5,71.4,6270.75
Chile,1994,74.7,77.8,71.7,6653.87
Chile,1995,75.0,78.1,72.0,7388.39
Chile,1996,75.3,78.4,72.3,7970.38
Chile,1997,75.6,78.7,72.5,8589.1
Chile,1998,75.8,78.9,72.8,8927.89
Chile,1999,76.1,79.2,73.1,8909.77
Chile,2000,76.4,79.5,73.4,9440.04
Chile,2001,76.6,79.8,73.6,9845.97
Chile,2002,76.9,80.0,73.9,10205.7
Chile,2003,77.1,80.2,74.2,10779.64
Chile,2004,77.4,80.5,74.4,11682.6
Chile,2005,77.6,80.7,74.7,12600.91
Chile,2006,77.8,80.9,74.9,15589.16
Chile,2007,78.1,81.1,75.1,16771.18
Chile,2008,78.3,81.3,75.4,16449.61
Chile,2009,78.5,81.5,75.6,16028.55
Chile,2010,78.7,81.7,75.9,18041.31
Chile,2011,79.0,81.9,76.1,20235.57
Chile,2012,79.2,82.1,76.3,21458.81
Chile,2013,79.4,82.3,76.6,22295.74
Chile,2014,79.6,82.5,76.8,22650.71
Chile,2015,79.8,82.7,77.0,22563.58
Chile,2016,80.0,82.9,77.2,23384.61
Chile,2017,80.2,83.0,77.4,24479.46
Chile,2018,80.4,83.2,77.7,25496.43
Chile,2019,80.6,83.4,77.9,25762.12
Chile,2020,80.8,83.6,78.1,25258.08
Chile,2021,81.0,83.8,78.3,28873.95
Chile,2022,81.2,84.0,78.5,31080.13
Hungary,1990,69.4,73.8,65.2,8091.41
Hungary,1991,69.4,74.0,65.1,8341.66
Hungary,1992,69.2,74.0,64.7,8287.96
Hungary,1993,69.2,74.0,64.7,8460.12
Hungary,1994,69.6,74.5,65.0,8924.04
Hungary,1995,70.0,74.8,65.4,9186.04
Hungary,1996,70.6,75.0,66.3,9349.01
Hungary,1997,71.1,75.5,66.7,9823.03
Hungary,1998,71.0,75.6,66.5,10398.03
Hungary,1999,71.1,75.6,66.7,10873.25
Hungary,2000,71.9,76.2,67.5,11854.68
Hungary,2001,72.5,76.7,68.2,13211.83
Hungary,2002,72.6,76.7,68.3,14526.39
Hungary,2003,72.6,76.7,68.4,15479.1
Hungary,2004,73.0,77.2,68.7,16269.31
Hungary,2005,73.0,77.2,68.7,17108.34
Hungary,2006,73.5,77.8,69.2,18383.63
Hungary,2007,73.6,77.8,69.4,19098.63
Hungary,2008,74.2,78.3,70.0,20721.5
Hungary,2009,74.4,78.4,70.3,20722.07
Hungary,2010,74.7,78.6,70.7,21738.9
Hungary,2011,75.1,78.7,71.2,23029.45
Hungary,2012,75.3,78.7,71.6,23267.45
Hungary,2013,75.8,79.1,72.2,24547.98
Hungary,2014,76.0,79.4,72.3,25691.53
Hungary,2015,75.7,79.0,72.3,26798.85
Hungary,2016,76.2,79.7,72.6,27941.93
Hungary,2017,76.0,79.3,72.5,29496.16
Hungary,2018,76.2,79.6,72.7,31908.86
Hungary,2019,76.5,79.7,73.1,35152.6
Hungary,2020,75.7,79.0,72.3,35029.91
Hungary,2021,74.3,77.8,70.7,38648.0
Hungary,2022,76.2,79.5,72.7,43394.76
Croatia,2001,74.6,78.1,70.9,5364.01
Croatia,2002,74.7,78.3,71.0,6219.47
Croatia,2003,74.6,78.1,71.0,8192.32
Croatia,2004,75.4,78.8,71.8,9723.38
Croatia,2005,75.3,78.8,71.7,10446.36
Croatia,2006,75.9,79.3,72.4,11505.4
Croatia,2007,75.8,79.2,72.2,13762.46
Croatia,2008,76.0,79.7,72.3,15898.8
Croatia,2009,76.3,79.7,72.8,14421.17
Croatia,2010,76.7,79.9,73.4,13693.5
Croatia,2011,77.2,80.4,73.8,14655.87
Croatia,2012,77.3,80.6,73.9,13439.66
Croatia,2013,77.8,81.0,74.5,13979.19
Croatia,2014,77.9,81.0,74.7,14001.16
Croatia,2015,77.5,80.5,74.4,12098.51
Croatia,2016,78.2,81.3,75.0,12579.92
Croatia,2017,78.0,81.0,74.9,13592.25
Croatia,2018,78.2,81.5,74.9,15040.04
Croatia,2019,78.6,81.6,75.5,15120.9
Croatia,2020,77.8,80.9,74.7,14269.91
Croatia,2021,76.7,79.8,73.6,17809.03
Croatia,2022,77.7,80.8,74.6,18570.4
Germany,1990,77.4,80.4,74.0,19466.67
Germany,1991,75.7,78.8,72.2,20991.94
Germany,1992,76.2,79.3,72.7,21739.96
Germany,1993,76.2,79.4,72.8,21916.45
Germany,1994,76.6,79.7,73.1,22863.09
Germany,1995,76.7,79.9,73.3,23656.02
Germany,1996,77.0,80.1,73.6,24202.73
Germany,1997,77.4,80.5,74.1,24726.31
Germany,1998,77.8,80.8,74.5,25531.98
Germany,1999,78.0,81.0,74.8,26510.23
Germany,2000,78.3,81.2,75.1,27454.45
Germany,2001,78.6,81.4,75.6,28666.87
Germany,2002,78.6,81.3,75.7,29504.29
Germany,2003,78.6,81.3,75.8,30271.14
Germany,2004,79.3,81.9,76.5,31742.6
Germany,2005,79.4,82.0,76.7,32236.74
Germany,2006,79.9,82.4,77.2,34666.57
Germany,2007,80.1,82.7,77.4,36866.82
Germany,2008,80.2,82.7,77.6,38432.45
Germany,2009,80.3,82.8,77.8,37463.97
Germany,2010,80.5,83.0,78.0,39670.17
Germany,2011,80.6,83.1,77.9,42541.51
Germany,2012,80.7,83.1,78.1,43359.54
Germany,2013,80.6,83.0,78.1,44993.67
Germany,2014,81.2,83.6,78.7,47011.28
Germany,2015,80.7,83.1,78.3,47609.56
Germany,2016,81.0,83.5,78.6,50579.48
Germany,2017,81.1,83.4,78.7,53071.48
Germany,2018,81.0,83.3,78.6,55195.72
Germany,2019,81.3,83.7,79.0,58251.74
Germany,2020,81.1,83.5,78.7,57905.09
Germany,2021,80.8,83.3,78.4,61939.72
Germany,2022,80.7,,78.5,66616.05
United States,1990,75.4,78.8,71.8,23835.32
United States,1991,75.5,78.9,72.0,24289.55
United States,1992,75.8,79.1,72.3,25378.62
United States,1993,75.5,78.8,72.2,26350.49
United States,1994,75.7,79.0,72.4,27660.27
United States,1995,75.8,78.9,72.5,28657.51
United States,1996,76.1,79.1,73.1,29932.16
United States,1997,76.5,79.4,73.6,31424.44
United States,1998,76.7,79.5,73.8,32817.98
United States,1999,76.7,79.4,73.9,34479.79
United States,2000,76.8,79.3,74.1,36299.66
United States,2001,77.0,79.5,74.3,37100.29
United States,2002,77.0,79.6,74.4,37954.22
United States,2003,77.2,79.7,74.5,39419.91
United States,2004,77.6,80.1,75.0,41659.66
United States,2005,77.6,80.1,75.0,44052.38
United States,2006,77.8,80.3,75.2,46234.11
United States,2007,78.1,80.6,75.5,47976.2
United States,2008,78.2,80.6,75.6,48498.45
United States,2009,78.5,80.9,76.0,47122.99
United States,2010,78.7,81.0,76.2,48570.29
United States,2011,78.7,81.1,76.3,49951.91
United States,2012,78.8,81.2,76.4,51644.99
United States,2013,78.8,81.2,76.4,53234.74
United States,2014,78.9,81.3,76.5,55094.13
United States,2015,78.7,81.1,76.3,56796.9
United States,2016,78.7,81.1,76.2,57930.97
United States,2017,78.6,81.1,76.1,60001.54
United States,2018,78.7,81.2,76.2,62825.1
United States,2019,78.8,81.4,76.3,65115.12
United States,2020,77.0,79.9,74.2,64264.47
United States,2021,76.4,79.3,73.5,70987.89
Greece,1990,77.1,79.5,74.7,13212.51
Greece,1991,77.3,79.8,74.8,13964.56
Greece,1992,77.2,79.7,74.7,14278.26
Greece,1993,77.6,80.1,75.1,14303.97
Greece,1994,77.8,80.3,75.3,14834.3
Greece,1995,77.8,80.4,75.2,15422.24
Greece,1996,77.9,80.6,75.3,16144.23
Greece,1997,78.4,81.0,75.7,17152.67
Greece,1998,78.3,80.9,75.8,18033.58
Greece,1999,78.5,81.1,75.9,18464.73
Greece,2000,78.6,81.3,75.9,19518.69
Greece,2001,79.1,81.9,76.3,20960.95
Greece,2002,79.2,82.0,76.4,22615.96
Greece,2003,79.3,82.0,76.6,23897.87
Greece,2004,79.4,82.2,76.6,25461.14
Greece,2005,79.6,82.5,76.8,25577.45
Greece,2006,79.9,82.7,77.1,28548.89
Greece,2007,79.7,82.5,76.9,29326.86
Greece,2008,80.2,83.0,77.5,30855.94
Greece,2009,80.4,83.3,77.5,30358.24
Greece,2010,80.6,83.3,78.0,27908.17
Greece,2011,80.8,83.6,78.0,25671.41
Greece,2012,80.7,83.4,78.0,24911.13
Greece,2013,81.4,84.0,78.7,25986.64
Greece,2014,81.5,84.1,78.8,26625.16
Greece,2015,81.1,83.7,78.5,26760.28
Greece,2016,81.5,84.0,78.9,27511.8
Greece,2017,81.4,83.9,78.8,28604.83
Greece,2018,81.9,84.4,79.3,29617.52
Greece,2019,81.7,84.2,79.2,31611.26
Greece,2020,81.4,83.9,78.8,29088.26
Greece,2021,80.2,82.9,77.4,32797.28
Greece,2022,80.7,83.3,78.1,38364.49
Denmark,1990,74.9,77.8,72.0,18234.64
Denmark,1991,75.3,78.1,72.5,19062.09
Denmark,1992,75.3,78.0,72.6,19812.7
Denmark,1993,75.2,77.8,72.6,20214.13
Denmark,1994,75.5,78.2,72.8,21675.7
Denmark,1995,75.3,77.9,72.7,22695.6
Denmark,1996,75.7,78.3,73.1,23737.91
Denmark,1997,76.1,78.6,73.6,24923.75
Denmark,1998,76.5,79.0,74.0,25819.81
Denmark,1999,76.6,79.0,74.2,26657.83
Denmark,2000,76.9,79.2,74.5,28670.44
Denmark,2001,77.0,79.3,74.7,29455.81
Denmark,2002,77.1,79.4,74.8,30639.95
Denmark,2003,77.4,79.8,75.0,30825.37
Denmark,2004,77.8,80.2,75.4,32948.92
Denmark,2005,78.3,80.5,76.0,34152.88
Denmark,2006,78.4,80.7,76.1,37336.03
Denmark,2007,78.4,80.6,76.2,39025.34
Denmark,2008,78.8,81.0,76.5,41283.0
Denmark,2009,79.0,81.1,76.9,40330.92
Denmark,2010,79.3,81.4,77.2,43000.91
Denmark,2011,79.9,81.9,77.8,44407.94
Denmark,2012,80.2,82.1,78.1,44808.55
Denmark,2013,80.4,82.4,78.3,46742.94
Denmark,2014,80.7,82.8,78.7,47905.48
Denmark,2015,80.8,82.7,78.8,49058.14
Denmark,2016,80.9,82.8,79.0,51967.02
Denmark,2017,81.1,83.1,79.2,55356.49
Denmark,2018,81.0,82.9,79.1,57479.35
Denmark,2019,81.5,83.5,79.5,60760.52
Denmark,2020,81.6,83.6,79.7,62544.31
Denmark,2021,81.5,83.3,79.6,69911.56
Denmark,2022,81.3,83.2,79.5,77914.57
Italy,1990,77.1,80.3,73.8,18624.96
Italy,1991,77.1,80.4,73.8,19531.65
Italy,1992,77.5,80.8,74.2,20135.76
Italy,1993,77.8,81.0,74.6,20424.78
Italy,1994,78.0,81.2,74.8,21305.31
Italy,1995,78.3,81.5,75.0,22379.66
Italy,1996,78.7,81.8,75.4,23050.9
Italy,1997,79.0,82.0,75.8,23871.41
Italy,1998,79.1,82.1,76.0,25020.92
Italy,1999,79.6,82.6,76.4,25602.39
Italy,2000,79.9,82.8,76.9,27075.86
Italy,2001,80.3,83.2,77.2,28039.21
Italy,2002,80.4,83.2,77.4,28721.08
Italy,2003,80.1,82.8,77.3,29154.8
Italy,2004,80.9,83.7,78.0,29482.52
Italy,2005,80.9,83.6,78.1,30028.49
Italy,2006,81.4,84.1,78.6,32311.18
Italy,2007,81.6,84.2,78.8,33964.2
Italy,2008,81.7,84.2,78.9,35292.6
Italy,2009,81.8,84.3,79.1,34334.56
Italy,2010,82.2,84.7,79.5,34833.89
Italy,2011,82.4,84.8,79.7,36203.33
Italy,2012,82.4,84.8,79.8,36091.37
Italy,2013,82.9,85.2,80.3,36267.93
Italy,2014,83.2,85.6,80.7,36475.98
Italy,2015,82.7,84.9,80.3,37206.33
Italy,2016,83.4,85.6,81.0,40267.22
Italy,2017,83.1,85.2,80.8,41951.47
Italy,2018,83.4,85.6,81.2,43427.66
Italy,2019,83.6,85.7,81.4,46470.02
Italy,2020,82.3,84.5,80.0,44202.2
Italy,2021,82.7,84.9,80.5,49901.58
Italy,2022,83.0,85.0,80.9,55838.85
Peru,1990,64.4,67.3,61.6,1194.55
Peru,1991,65.1,68.0,62.4,1520.68
Peru,1992,65.4,68.2,62.8,1560.55
Peru,1993,66.1,68.9,63.5,1481.34
Peru,1994,66.7,69.4,64.2,1871.39
Peru,1995,67.2,69.8,64.8,2180.57
Peru,1996,67.6,70.3,65.2,2218.32
Peru,1997,68.1,70.8,65.7,2292.4
Peru,1998,68.6,71.2,66.1,2149.7
Peru,1999,69.1,71.7,66.6,1911.74
Peru,2000,69.7,72.3,67.3,1941.32
Peru,2001,70.4,72.9,68.0,1925.98
Peru,2002,71.0,73.4,68.8,2003.97
Peru,2003,71.7,73.9,69.5,2126.14
Peru,2004,72.2,74.4,70.2,2393.67
Peru,2005,72.7,74.7,70.7,2702.24
Peru,2006,73.0,75.0,71.1,3123.32
Peru,2007,73.2,75.2,71.2,3572.36
Peru,2008,73.2,75.3,71.3,4184.89
Peru,2009,73.4,75.5,71.4,4164.97
Peru,2010,73.5,75.7,71.4,5047.2
Peru,2011,73.7,75.9,71.6,5826.83
Peru,2012,74.1,76.3,72.1,6475.72
Peru,2013,74.5,76.7,72.5,6697.19
Peru,2014,75.0,77.1,72.9,6614.83
Peru,2015,75.3,77.4,73.3,6180.12
Peru,2016,75.6,77.7,73.6,6163.86
Peru,2017,75.8,78.0,73.7,6676.31
Peru,2018,75.9,78.1,73.7,6912.1
Peru,2019,76.0,78.3,73.8,6955.88
Peru,2020,76.2,78.5,73.9,6063.63
Peru,2021,73.7,76.8,70.8,6635.46
Peru,2022,72.4,74.7,70.1,7125.83
Colombia,1990,67.2,71.2,63.4,5126.49
Colombia,1991,67.4,71.5,63.4,5338.11
Colombia,1992,67.5,71.7,63.3,5585.12
Colombia,1993,67.6,72.0,63.3,5930.38
Colombia,1994,68.1,72.5,63.9,6284.42
Colombia,1995,68.6,72.9,64.5,6646.39
Colombia,1996,69.1,73.4,65.0,6767.94
Colombia,1997,69.6,73.8,65.6,7000.2
Colombia,1998,70.1,74.2,66.1,7022.02
Colombia,1999,70.5,74.6,66.6,6658.49
Colombia,2000,71.0,75.0,67.1,6886.41
Colombia,2001,71.4,75.4,67.6,7068.84
Colombia,2002,71.8,75.7,68.0,7265.18
Colombia,2003,72.2,76.1,68.5,7604.16
Colombia,2004,72.6,76.5,68.9,8127.58
Colombia,2005,73.0,76.8,69.3,8676.11
Colombia,2006,73.3,77.0,69.6,9433.24
Colombia,2007,73.5,77.3,69.9,10228.19
Colombia,2008,73.8,77.5,70.2,10651.51
Colombia,2009,74.0,77.7,70.5,10720.91
Colombia,2010,74.3,77.9,70.8,11206.22
Colombia,2011,74.5,78.1,71.1,12108.23
Colombia,2012,74.7,78.3,71.4,12530.81
Colombia,2013,75.0,78.5,71.7,13266.0
Colombia,2014,75.2,78.7,71.9,13777.24
Colombia,2015,75.4,78.9,72.2,13762.75
Colombia,2016,75.7,79.1,72.5,14514.22
Colombia,2017,75.9,79.3,72.7,14930.87
Colombia,2018,76.5,79.8,73.3,15814.7
Colombia,2019,76.6,79.9,73.5,16712.41
Colombia,2020,76.7,80.0,73.6,15950.51
Colombia,2021,76.8,80.0,73.7,18141.95
Colombia,2022,76.9,80.1,73.8,21630.62
Austria,1990,75.8,79.0,72.3,19459.19
Austria,1991,75.9,79.1,72.3,20602.88
Austria,1992,76.1,79.3,72.5,21278.09
Austria,1993,76.3,79.5,72.8,21717.38
Austria,1994,76.7,79.8,73.2,22626.7
Austria,1995,76.9,80.1,73.4,23681.21
Austria,1996,77.1,80.2,73.7,24552.03
Austria,1997,77.5,80.7,74.1,25422.02
Austria,1998,77.9,81.0,74.5,26674.84
Austria,1999,78.1,81.0,74.9,27606.48
Austria,2000,78.3,81.2,75.2,29379.74
Austria,2001,78.8,81.7,75.6,29711.57
Austria,2002,78.9,81.7,75.8,31178.05
Austria,2003,78.8,81.5,75.9,32158.61
Austria,2004,79.3,82.1,76.4,33785.22
Austria,2005,79.5,82.2,76.6,35024.56
Austria,2006,80.1,82.8,77.1,37665.09
Austria,2007,80.3,83.1,77.4,39441.01
Austria,2008,80.6,83.3,77.7,41316.02
Austria,2009,80.5,83.2,77.6,40925.93
Austria,2010,80.7,83.5,77.8,42013.89
Austria,2011,81.1,83.8,78.3,44469.21
Austria,2012,81.1,83.6,78.4,46477.66
Austria,2013,81.3,83.8,78.6,47936.68
Austria,2014,81.6,84.0,79.1,48813.53
Austria,2015,81.3,83.7,78.8,49942.06
Austria,2016,81.8,84.1,79.3,52665.09
Austria,2017,81.7,84.0,79.4,54188.36
Austria,2018,81.8,84.1,79.4,56956.11
Austria,2019,82.0,84.2,79.7,60590.2
Austria,2020,81.3,83.6,78.9,58610.93
Austria,2021,81.3,83.7,78.8,63451.49
Austria,2022,81.1,83.5,78.8,70889.43
Bulgaria,1990,71.2,74.7,68.0,2367.0
Bulgaria,1991,71.1,74.4,68.0,1268.0
Bulgaria,1992,71.2,74.8,67.8,1212.0
Bulgaria,1993,71.2,75.1,67.6,1279.0
Bulgaria,1994,70.9,74.8,67.3,1148.0
Bulgaria,1995,71.0,74.9,67.4,2259.0
Bulgaria,1996,70.8,74.5,67.4,1470.0
Bulgaria,1997,70.3,73.8,67.0,1361.0
Bulgaria,1998,70.9,74.6,67.4,1820.0
Bulgaria,1999,71.6,75.0,68.2,1660.0
Bulgaria,2000,71.6,75.0,68.4,1621.0
Bulgaria,2001,71.9,75.4,68.6,1771.0
Bulgaria,2002,72.1,75.5,68.8,2093.0
Bulgaria,2003,72.3,75.9,68.9,2719.0
Bulgaria,2004,72.5,76.2,69.0,3390.0
Bulgaria,2005,72.5,76.2,69.0,3900.0
Bulgaria,2006,72.7,76.3,69.2,4523.0
Bulgaria,2007,73.0,76.6,69.5,5889.0
Bulgaria,2008,73.3,77.0,69.8,7271.0
Bulgaria,2009,73.7,77.4,70.2,6988.0
Bulgaria,2010,73.8,77.4,70.3,6864.0
Bulgaria,2011,74.2,77.8,70.7,7857.0
Bulgaria,2012,74.4,77.9,70.9,7431.0
Bulgaria,2013,74.9,78.6,71.3,7688.0
Bulgaria,2014,74.5,78.0,71.1,7912.0
Bulgaria,2015,74.7,78.2,71.2,7079.0
Bulgaria,2016,74.9,78.5,71.3,7571.0
Bulgaria,2017,74.8,78.4,71.4,8382.0
Bulgaria,2018,75.0,78.6,71.5,9448.0
Bulgaria,2019,75.1,78.8,71.6,9874.0
Bulgaria,2020,73.6,77.5,70.0,10148.0
Bulgaria,2021,71.4,75.1,68.0,12219.0
Bulgaria,2022,74.3,78.1,70.8,13974.0
Lithuania,1990,71.5,76.3,66.4,5089.28
Lithuania,1991,70.6,76.0,65.1,5246.68
Lithuania,1992,70.5,76.0,64.8,5408.95
Lithuania,1993,69.0,75.0,63.1,5576.23
Lithuania,1994,68.6,74.9,62.5,5748.7
Lithuania,1995,69.1,75.1,63.3,5926.49
Lithuania,1996,70.3,75.9,64.6,6383.36
Lithuania,1997,71.1,76.6,65.5,7068.11
Lithuania,1998,71.4,76.7,66.0,7762.57
Lithuania,1999,71.8,77.0,66.3,7820.79
Lithuania,2000,72.1,77.4,66.7,8447.02
Lithuania,2001,71.6,77.4,65.9,9438.83
Lithuania,2002,71.8,77.4,66.1,10480.71
Lithuania,2003,72.0,77.7,66.4,12068.39
Lithuania,2004,72.0,77.7,66.2,13030.82
Lithuania,2005,71.2,77.4,65.2,14510.72
Lithuania,2006,71.0,77.1,65.0,16483.85
Lithuania,2007,70.7,77.2,64.5,19098.85
Lithuania,2008,71.7,77.6,65.9,20721.13
Lithuania,2009,72.9,78.7,67.1,18116.23
Lithuania,2010,73.3,78.9,67.6,20093.34
Lithuania,2011,73.7,79.3,68.1,22884.87
Lithuania,2012,74.1,79.6,68.4,24703.74
Lithuania,2013,74.1,79.6,68.5,26721.69
Lithuania,2014,74.7,80.1,69.2,28184.26
Lithuania,2015,74.6,79.7,69.2,28834.53
Lithuania,2016,74.9,80.1,69.5,30925.26
Lithuania,2017,75.8,80.5,70.7,33761.99
Lithuania,2018,76.0,80.7,70.9,36376.54
Lithuania,2019,76.5,81.2,71.6,40577.85
Lithuania,2020,75.1,80.1,70.1,41168.18
Lithuania,2021,74.2,78.8,69.5,46285.42
Lithuania,2022,76.0,80.3,71.5,50997.27
South Africa,1990,63.3,66.4,60.1,3161.0
South Africa,1991,63.4,66.7,59.9,3305.0
South Africa,1992,63.3,66.9,59.5,3519.0
South Africa,1993,63.3,67.1,59.5,3461.0
South Africa,1994,63.0,66.8,59.1,3548.0
South Africa,1995,62.6,66.2,58.8,3904.0
South Africa,1996,62.3,65.7,58.4,3655.0
South Africa,1997,61.5,64.7,57.8,3731.0
South Africa,1998,60.8,63.8,57.3,3336.0
South Africa,1999,60.0,62.9,56.6,3268.0
South Africa,2000,59.2,62.0,56.0,3242.0
South Africa,2001,58.5,61.0,55.4,2867.0
South Africa,2002,57.3,59.5,54.6,2708.0
South Africa,2003,55.7,57.7,53.2,4096.0
South Africa,2004,54.3,56.2,52.0,5268.0
South Africa,2005,54.0,55.7,51.9,5893.0
South Africa,2006,54.0,55.4,52.1,6140.0
South Africa,2007,54.3,55.9,52.2,6662.0
South Africa,2008,55.0,56.9,52.7,6252.0
South Africa,2009,56.0,58.1,53.5,6444.0
South Africa,2010,57.4,59.7,54.7,8060.0
South Africa,2011,58.9,61.3,56.1,8737.0
South Africa,2012,60.7,63.1,57.7,8174.0
South Africa,2013,61.8,64.4,58.8,7441.0
South Africa,2014,62.5,65.3,59.4,6965.0
South Africa,2015,63.4,66.3,60.1,6205.0
South Africa,2016,64.0,66.8,60.7,5735.0
South Africa,2017,64.7,67.8,61.3,6734.0
South Africa,2018,65.4,68.4,62.0,7068.0
South Africa,2019,65.7,68.7,62.2,6703.0
South Africa,2020,66.2,69.1,62.8,5753.0
South Africa,2021,65.3,68.0,62.2,7074.0
South Africa,2022,62.3,65.0,59.5,6766.0
Portugal,1990,74.1,77.5,70.6,11758.07
Portugal,1991,74.1,77.7,70.5,12722.67
Portugal,1992,74.7,78.4,71.0,13159.67
Portugal,1993,74.6,78.1,71.0,13181.65
Portugal,1994,75.5,79.0,72.0,13560.4
Portugal,1995,75.4,79.0,71.7,14396.83
Portugal,1996,75.3,79.0,71.6,14916.45
Portugal,1997,75.8,79.4,72.2,15785.79
Portugal,1998,76.0,79.6,72.4,16686.94
Portugal,1999,76.2,79.8,72.7,17718.15
Portugal,2000,76.8,80.4,73.3,18879.06
Portugal,2001,77.2,80.7,73.6,19530.67
Portugal,2002,77.4,80.8,73.9,20356.66
Portugal,2003,77.5,80.8,74.2,20852.24
Portugal,2004,78.4,81.8,75.0,21478.44
Portugal,2005,78.2,81.5,74.9,22725.29
Portugal,2006,79.0,82.5,75.5,24682.57
Portugal,2007,79.3,82.5,75.9,25738.95
Portugal,2008,79.5,82.7,76.2,26665.83
Portugal,2009,79.7,82.8,76.5,26458.12
Portugal,2010,80.1,83.2,76.8,27257.23
Portugal,2011,80.7,83.8,77.3,26769.53
Portugal,2012,80.6,83.6,77.3,26438.03
Portugal,2013,80.9,84.0,77.6,27936.02
Portugal,2014,81.3,84.4,78.0,28742.42
Portugal,2015,81.3,84.3,78.1,29660.91
Portugal,2016,81.3,84.3,78.1,31607.76
Portugal,2017,81.6,84.6,78.4,33044.7
Portugal,2018,81.5,84.5,78.3,34928.54
Portugal,2019,81.9,84.8,78.7,37845.19
Portugal,2020,81.1,84.1,78.0,35874.8
Portugal,2021,81.5,84.4,78.5,39036.34
Portugal,2022,81.7,84.5,78.8,44962.94
Spain,1990,76.9,80.6,73.3,13511.22
Spain,1991,77.1,80.7,73.4,14298.41
Spain,1992,77.6,81.3,73.8,14725.72
Spain,1993,77.7,81.3,74.0,14886.72
Spain,1994,78.0,81.7,74.4,15539.11
Spain,1995,78.1,81.8,74.4,16278.86
Spain,1996,78.3,82.0,74.5,16976.24
Spain,1997,78.8,82.4,75.2,17912.76
Spain,1998,78.8,82.4,75.3,19100.97
Spain,1999,78.8,82.3,75.3,19962.79
Spain,2000,79.3,82.8,75.8,21594.17
Spain,2001,79.8,83.2,76.3,23003.46
Spain,2002,79.8,83.3,76.4,24376.33
Spain,2003,79.7,83.0,76.4,25042.41
Spain,2004,80.4,83.7,77.0,26182.63
Spain,2005,80.3,83.6,77.0,27600.94
Spain,2006,81.1,84.4,77.8,30745.51
Spain,2007,81.1,84.4,77.9,32470.31
Spain,2008,81.5,84.6,78.3,33242.25
Spain,2009,81.9,85.0,78.8,32088.26
Spain,2010,82.4,85.5,79.2,31687.03
Spain,2011,82.6,85.6,79.5,31872.36
Spain,2012,82.5,85.5,79.5,31724.79
Spain,2013,83.2,86.1,80.2,32463.12
Spain,2014,83.3,86.2,80.4,33558.98
Spain,2015,83.0,85.7,80.1,34945.48
Spain,2016,83.5,86.3,80.5,37333.06
Spain,2017,83.4,86.1,80.6,39601.48
Spain,2018,83.5,86.3,80.7,40776.77
Spain,2019,84.0,86.7,81.1,43767.03
Spain,2020,82.4,85.2,79.6,38984.48
Spain,2021,83.3,86.2,80.4,43659.6
Spain,2022,83.2,85.9,80.4,48655.65
India,1990,58.2,59.1,57.5,369.0
India,1991,58.7,59.5,57.9,304.0
India,1992,59.1,60.0,58.3,318.0
India,1993,59.5,60.3,58.7,302.0
India,1994,59.8,60.7,59.1,346.0
India,1995,60.2,61.0,59.5,374.0
India,1996,60.6,61.4,59.9,400.0
India,1997,61.0,61.7,60.3,415.0
India,1998,61.4,62.1,60.7,413.0
India,1999,61.8,62.6,61.0,441.0
India,2000,62.2,63.1,61.4,442.0
India,2001,62.7,63.6,61.8,450.0
India,2002,63.1,64.1,62.1,469.0
India,2003,63.6,64.7,62.6,544.0
India,2004,64.1,65.3,63.0,624.0
India,2005,64.5,65.8,63.3,711.0
India,2006,65.0,66.4,63.7,802.0
India,2007,65.4,66.9,64.1,1023.0
India,2008,65.8,67.3,64.4,994.0
India,2009,66.1,67.8,64.7,1097.0
India,2010,66.5,68.2,65.0,1351.0
India,2011,66.9,68.6,65.3,1450.0
India,2012,67.4,69.1,65.8,1434.0
India,2013,67.9,69.6,66.3,1438.0
India,2014,68.5,70.1,67.0,1560.0
India,2015,69.1,70.6,67.7,1590.0
India,2016,69.6,71.1,68.3,1714.0
India,2017,70.1,71.5,68.8,1958.0
India,2018,70.5,71.9,69.2,1974.0
India,2019,70.7,72.1,69.4,2050.0
India,2020,70.9,72.4,69.5,1913.0
India,2021,70.2,71.8,68.6,2238.0
India,2022,67.2,68.9,65.8,2411.0
France,1990,77.0,81.2,72.8,17633.39
France,1991,77.2,81.4,73.0,18328.91
France,1992,77.5,81.7,73.3,18951.92
France,1993,77.5,81.7,73.4,19195.98
France,1994,78.0,82.2,73.8,19993.85
France,1995,78.1,82.2,73.9,20767.85
France,1996,78.2,82.3,74.2,21355.26
France,1997,78.6,82.6,74.6,22243.28
France,1998,78.8,82.7,74.9,23363.27
France,1999,78.9,82.7,75.1,24311.4
France,2000,79.2,83.0,75.4,26098.02
France,2001,79.3,83.0,75.5,27502.39
France,2002,79.4,83.0,75.8,28528.16
France,2003,79.3,82.8,75.8,28178.71
France,2004,80.4,83.9,76.7,29065.88
France,2005,80.4,83.9,76.8,30504.06
France,2006,81.0,84.5,77.4,32474.16
France,2007,81.3,84.8,77.6,34136.13
France,2008,81.4,84.8,77.9,35102.87
France,2009,81.6,85.0,78.0,34685.1
France,2010,81.9,85.3,78.3,35905.82
France,2011,82.3,85.7,78.8,37447.95
France,2012,82.1,85.4,78.7,37684.2
France,2013,82.4,85.6,79.0,39528.47
France,2014,82.9,86.1,79.5,40144.06
France,2015,82.4,85.6,79.2,40829.89
France,2016,82.7,85.8,79.5,42855.94
France,2017,82.7,85.7,79.6,44444.93
France,2018,82.8,85.8,79.7,46336.93
France,2019,83.0,85.9,79.9,50961.75
France,2020,82.3,85.3,79.2,49180.7
France,2021,82.4,85.5,79.3,53462.66
France,2022,82.3,85.2,79.4,57179.61
Iceland,1990,78.1,80.7,75.5,21973.72
Iceland,1991,78.0,81.3,74.9,22383.86
Iceland,1992,78.8,80.8,76.8,21858.9
Iceland,1993,79.0,80.8,77.1,22438.9
Iceland,1994,79.3,81.5,77.1,23548.76
Iceland,1995,78.0,80.1,76.0,23944.56
Iceland,1996,78.8,81.2,76.5,24768.55
Iceland,1997,78.9,81.6,76.3,26890.72
Iceland,1998,79.7,81.6,77.7,28746.82
Iceland,1999,79.4,81.4,77.4,29576.84
Iceland,2000,79.7,81.6,77.8,29783.4
Iceland,2001,80.7,83.2,78.3,31870.69
Iceland,2002,80.6,82.5,78.6,32598.38
Iceland,2003,81.0,82.5,79.5,32726.03
Iceland,2004,81.1,83.2,78.9,35553.19
Iceland,2005,81.5,83.5,79.6,37427.93
Iceland,2006,81.2,82.9,79.5,39632.5
Iceland,2007,81.5,83.4,79.6,41494.95
Iceland,2008,81.6,83.3,80.0,43456.22
Iceland,2009,81.8,83.8,79.8,41771.02
Iceland,2010,81.9,84.1,79.8,39773.54
Iceland,2011,82.4,84.1,80.7,40938.66
Iceland,2012,83.0,84.3,81.6,42006.54
Iceland,2013,82.1,83.7,80.5,44404.73
Iceland,2014,82.9,84.5,81.3,45995.0
Iceland,2015,82.5,83.8,81.2,49203.29
Iceland,2016,82.2,84.1,80.4,53486.62
Iceland,2017,82.6,84.3,81.1,55638.49
Iceland,2018,82.9,84.5,81.3,57201.17
Iceland,2019,83.2,84.7,81.7,60517.61
Iceland,2020,83.1,84.6,81.6,55791.11
Iceland,2021,83.2,84.6,81.8,61969.74
Iceland,2022,82.1,83.4,81.0,73472.08
United Kingdom,1990,75.7,78.5,72.9,17057.31
United Kingdom,1991,75.9,78.6,73.1,17378.59
United Kingdom,1992,76.2,79.0,73.5,17800.68
United Kingdom,1993,76.1,78.8,73.5,18634.58
United Kingdom,1994,76.7,79.3,74.0,19713.95
United Kingdom,1995,76.6,79.2,74.0,20578.91
United Kingdom,1996,76.8,79.4,74.2,21939.54
United Kingdom,1997,77.0,79.5,74.5,23066.35
United Kingdom,1998,77.2,79.8,74.7,23692.6
United Kingdom,1999,77.4,79.8,74.9,24492.87
United Kingdom,2000,77.8,80.2,75.4,26532.77
United Kingdom,2001,78.0,80.4,75.7,27918.68
United Kingdom,2002,78.2,80.5,75.8,29091.27
United Kingdom,2003,78.3,80.5,76.1,30322.92
United Kingdom,2004,78.8,81.0,76.6,32075.75
United Kingdom,2005,79.0,81.2,76.9,32719.74
United Kingdom,2006,79.3,81.5,77.2,34746.16
United Kingdom,2007,79.5,81.6,77.4,35525.29
United Kingdom,2008,79.6,81.7,77.6,36734.68
United Kingdom,2009,80.1,82.2,78.1,35031.9
United Kingdom,2010,80.4,82.3,78.4,36491.35
United Kingdom,2011,80.7,82.7,78.8,37208.97
United Kingdom,2012,80.8,82.7,79.0,38340.22
United Kingdom,2013,80.9,82.8,79.0,39968.1
United Kingdom,2014,81.1,83.0,79.3,41281.54
United Kingdom,2015,80.9,82.7,79.0,42500.91
United Kingdom,2016,81.0,82.9,79.2,44057.69
United Kingdom,2017,81.1,83.0,79.3,46061.35
United Kingdom,2018,81.1,82.9,79.2,47107.71
United Kingdom,2019,81.4,83.3,79.6,49940.54
United Kingdom,2020,80.4,82.4,78.4,48006.08
Russia,1990,69.0,74.3,63.7,3494.0
Russia,1991,68.8,74.2,63.4,3490.0
Russia,1992,67.8,73.7,61.9,3099.0
Russia,1993,65.3,71.8,58.8,2931.0
Russia,1994,64.3,71.1,57.4,2662.0
Russia,1995,64.9,71.6,58.1,2666.0
Russia,1996,66.0,72.4,59.6,2644.0
Russia,1997,66.9,72.8,60.9,2738.0
Russia,1998,67.2,73.1,61.2,1835.0
Russia,1999,66.1,72.4,59.9,1331.0
Russia,2000,65.7,72.3,59.0,1772.0
Russia,2001,65.6,72.2,58.9,2100.0
Russia,2002,65.3,71.9,58.7,2378.0
Russia,2003,65.2,71.9,58.5,2975.0
Russia,2004,65.6,72.4,58.9,4102.0
Russia,2005,65.7,72.5,58.9,5323.0
Russia,2006,66.9,73.3,60.4,6920.0
Russia,2007,67.7,74.0,61.5,9101.0
Russia,2008,68.1,74.3,61.9,11635.0
Russia,2009,68.8,74.8,62.9,8563.0
Russia,2010,69.0,74.9,63.1,10675.0
Russia,2011,69.8,75.6,64.0,14311.0
Russia,2012,70.2,75.9,64.6,15421.0
Russia,2013,70.7,76.3,65.1,15975.0
Russia,2014,70.9,76.5,65.3,14096.0
Russia,2015,71.3,76.7,65.9,9313.0
Russia,2016,71.8,77.1,66.5,8705.0
Russia,2017,72.6,77.6,67.5,10720.0
Russia,2018,72.8,77.8,67.8,11287.0
Russia,2019,73.2,78.2,68.2,11536.0
Romania,1990,69.9,73.1,66.7,1648.0
Romania,1991,70.1,73.5,66.8,1254.0
Romania,1992,69.5,73.2,66.0,1102.0
Romania,1993,69.5,73.4,65.9,1158.0
Romania,1994,69.4,73.3,65.7,1323.0
Romania,1995,69.3,73.5,65.5,1650.0
Romania,1996,68.8,72.8,65.1,1633.0
Romania,1997,69.1,73.3,65.2,1577.0
Romania,1998,69.9,73.8,66.3,1853.0
Romania,1999,70.6,74.2,67.1,1600.0
Romania,2000,71.2,74.8,67.7,1660.0
Romania,2001,71.1,74.9,67.5,1825.0
Romania,2002,70.9,74.6,67.3,2120.0
Romania,2003,71.0,74.8,67.4,2679.0
Romania,2004,71.4,75.1,67.8,3495.0
Romania,2005,71.9,75.4,68.4,4618.0
Romania,2006,72.5,76.1,69.0,5758.0
Romania,2007,73.1,76.8,69.5,8360.0
Romania,2008,73.5,77.5,69.7,10435.0
Romania,2009,73.7,77.7,69.8,8548.0
Romania,2010,73.7,77.7,70.0,8398.0
Romania,2011,74.4,78.2,70.8,9560.0
Romania,2012,74.4,78.1,70.9,8931.0
Romania,2013,75.1,78.7,71.6,9497.0
Romania,2014,75.0,78.7,71.3,10031.0
Romania,2015,74.9,78.6,71.4,8977.0
Romania,2016,75.2,79.0,71.6,9404.0
Romania,2017,75.2,79.0,71.6,10728.0
Romania,2018,75.3,79.2,71.7,12494.0
Romania,2019,75.6,79.5,71.9,12958.0
Romania,2020,74.2,78.3,70.4,13047.0
Romania,2021,72.8,76.6,69.2,14947.0
Romania,2022,75.3,79.3,71.5,15787.0
Japan,1990,78.9,81.9,75.9,19891.09
Japan,1991,79.1,82.1,76.1,21204.24
Japan,1992,79.2,82.2,76.1,21800.92
Japan,1993,79.4,82.5,76.3,22149.22
Japan,1994,79.8,83.0,76.6,22834.75
Japan,1995,79.6,82.9,76.4,23865.91
Japan,1996,80.3,83.6,77.0,25009.68
Japan,1997,80.5,83.8,77.2,25629.42
Japan,1998,80.6,84.0,77.2,25520.2
Japan,1999,80.5,84.0,77.1,25744.92
Japan,2000,81.2,84.6,77.7,27289.85
Japan,2001,81.5,84.9,78.1,27946.08
Japan,2002,81.8,85.2,78.3,28633.7
Japan,2003,81.8,85.3,78.4,29411.59
Japan,2004,82.1,85.6,78.6,30837.18
Japan,2005,82.0,85.5,78.6,32174.4
Japan,2006,82.4,85.8,79.0,33638.84
Japan,2007,82.6,86.0,79.2,35021.73
Japan,2008,82.7,86.1,79.3,35278.75
Japan,2009,83.0,86.4,79.6,33550.69
Japan,2010,82.9,86.3,79.6,35342.82
Japan,2011,82.7,85.9,79.4,36215.01
Japan,2012,83.2,86.4,79.9,37628.68
Japan,2013,83.4,86.6,80.2,39436.68
Japan,2014,83.7,86.8,80.5,39559.76
Japan,2015,83.9,87.0,80.8,40908.78
Japan,2016,84.1,87.1,81.0,40642.7
Japan,2017,84.2,87.3,81.1,41531.22
Japan,2018,84.3,87.3,81.3,42264.59
Japan,2019,84.4,87.4,81.4,42835.82
Japan,2020,84.6,87.7,81.6,42625.0
Japan,2021,84.5,87.6,81.5,44613.09
Türkiye,1990,67.5,69.5,65.4,8286.09
Türkiye,1991,67.8,69.8,65.7,8501.47
Türkiye,1992,68.2,70.2,66.1,9064.99
Türkiye,1993,68.5,70.6,66.4,9865.66
Türkiye,1994,68.9,71.0,66.8,9376.99
Türkiye,1995,69.3,71.3,67.2,10104.25
Türkiye,1996,69.7,71.8,67.6,10828.15
Türkiye,1997,70.1,72.2,68.0,11648.77
Türkiye,1998,70.3,72.3,68.3,8937.32
Türkiye,1999,70.7,72.7,68.6,8625.28
Türkiye,2000,71.1,73.1,69.0,9475.97
Türkiye,2001,71.5,73.5,69.4,9144.28
Türkiye,2002,71.9,73.9,69.8,9279.07
Türkiye,2003,72.3,74.4,70.2,9597.98
Türkiye,2004,72.7,74.8,70.6,10884.57
Türkiye,2005,73.1,75.2,71.0,11910.61
Türkiye,2006,73.4,75.6,71.2,13641.56
Türkiye,2007,73.7,75.9,71.4,14866.45
Türkiye,2008,73.9,76.2,71.5,16038.23
Türkiye,2009,74.1,76.5,71.7,15442.16
Türkiye,2010,74.3,76.8,71.8,17343.72
Türkiye,2011,74.6,77.1,72.0,19590.86
Türkiye,2012,74.6,77.2,72.0,20627.44
Türkiye,2013,78.0,80.7,75.3,22373.14
Türkiye,2014,78.0,80.7,75.3,24104.98
Türkiye,2015,78.0,80.7,75.3,25855.91
Türkiye,2016,78.0,80.7,75.3,26695.91
Türkiye,2017,78.1,80.8,75.3,28193.06
Türkiye,2018,78.3,81.0,75.6,28299.47
Türkiye,2019,78.6,81.3,75.9,28461.33
New Zealand,1990,75.5,78.4,72.5,14688.7
New Zealand,1991,75.8,78.7,72.9,14520.06
New Zealand,1992,76.1,78.9,73.2,14888.04
New Zealand,1993,76.3,79.1,73.5,15884.74
New Zealand,1994,76.6,79.3,73.8,16994.06
New Zealand,1995,76.8,79.5,74.1,17801.81
New Zealand,1996,77.1,79.7,74.4,18366.34
New Zealand,1997,77.4,80.0,74.8,19072.64
New Zealand,1998,77.7,80.2,75.2,19285.78
New Zealand,1999,78.1,80.5,75.6,20537.41
New Zealand,2000,78.4,80.8,75.9,21457.98
New Zealand,2001,78.7,81.1,76.3,22411.3
New Zealand,2002,79.0,81.3,76.7,23180.41
New Zealand,2003,79.3,81.5,77.0,23882.07
New Zealand,2004,79.6,81.7,77.4,25012.07
New Zealand,2005,79.8,81.9,77.7,25590.44
New Zealand,2006,80.1,82.2,78.0,27663.92
New Zealand,2007,80.3,82.3,78.2,29273.95
New Zealand,2008,80.5,82.5,78.4,29748.93
New Zealand,2009,80.7,82.6,78.7,30574.24
New Zealand,2010,80.8,82.7,78.9,31127.32
New Zealand,2011,81.0,82.9,79.1,32639.02
New Zealand,2012,81.2,83.0,79.3,32917.67
New Zealand,2013,81.4,83.2,79.5,36085.49
New Zealand,2014,81.4,83.2,79.6,37089.23
New Zealand,2015,81.5,83.3,79.7,37255.41
New Zealand,2016,81.6,83.4,79.8,39709.38
New Zealand,2017,81.7,83.4,79.9,41996.8
New Zealand,2018,81.7,83.5,80.0,42312.89
New Zealand,2019,82.1,83.9,80.3,44862.75
New Zealand,2020,82.3,84.1,80.5,45221.88
New Zealand,2021,82.3,84.0,80.5,48171.44
Belgium,1990,76.2,79.5,72.7,18674.16
Belgium,1991,76.3,79.7,72.9,19584.9
Belgium,1992,76.5,79.9,73.0,20254.83
Belgium,1993,76.5,79.9,73.0,20456.09
Belgium,1994,76.8,80.2,73.4,21503.17
Belgium,1995,77.0,80.4,73.5,22431.05
Belgium,1996,77.3,80.7,73.9,22735.94
Belgium,1997,77.5,80.7,74.2,23728.46
Belgium,1998,77.6,80.7,74.4,24368.76
Belgium,1999,77.7,81.0,74.4,25441.89
Belgium,2000,77.9,81.0,74.6,27788.78
Belgium,2001,78.1,81.2,74.9,28795.39
Belgium,2002,78.2,81.2,75.1,30281.67
Belgium,2003,78.3,81.1,75.3,30934.97
Belgium,2004,79.0,81.9,76.0,32064.42
Belgium,2005,79.1,81.9,76.2,33176.68
Belgium,2006,79.5,82.3,76.6,35258.84
Belgium,2007,79.9,82.6,77.1,36798.51
Belgium,2008,79.8,82.6,76.9,37883.23
Belgium,2009,80.2,82.8,77.4,37750.14
Belgium,2010,80.3,83.0,77.5,39831.68
Belgium,2011,80.7,83.3,78.0,40943.34
Belgium,2012,80.5,83.1,77.8,42290.48
Belgium,2013,80.7,83.2,78.1,43672.71
Belgium,2014,81.4,83.9,78.8,44929.93
Belgium,2015,81.1,83.4,78.7,46201.69
Belgium,2016,81.5,84.0,79.0,48599.2
Belgium,2017,81.6,83.9,79.2,50442.95
Belgium,2018,81.7,83.9,79.4,52530.84
Belgium,2019,82.1,84.3,79.8,56621.43
Belgium,2020,80.8,83.0,78.5,55729.03
Belgium,2021,81.9,84.3,79.4,62124.24
Belgium,2022,81.8,83.9,79.6,68308.21
Australia,1990,76.9,80.1,73.9,17837.28
Australia,1991,77.3,80.4,74.4,18176.79
Australia,1992,77.4,80.4,74.5,19157.09
Australia,1993,77.9,80.9,75.0,20184.51
Australia,1994,77.9,80.9,75.0,21434.25
Australia,1995,77.8,80.8,75.0,22444.06
Australia,1996,78.1,81.1,75.2,23290.95
Australia,1997,78.4,81.3,75.6,24478.24
Australia,1998,78.6,81.5,75.9,25725.6
Australia,1999,78.9,81.8,76.2,27160.31
Australia,2000,79.2,82.0,76.6,28333.13
Australia,2001,79.6,82.4,77.0,29562.48
Australia,2002,79.9,82.6,77.4,30823.4
Australia,2003,80.2,82.8,77.8,32409.06
Australia,2004,80.5,83.0,78.1,34019.15
Australia,2005,80.8,83.3,78.5,35683.44
Australia,2006,81.0,83.5,78.7,37964.55
Australia,2007,81.3,83.7,79.0,39703.47
Australia,2008,81.4,83.7,79.2,40136.07
Australia,2009,81.5,83.9,79.3,41684.57
Australia,2010,81.7,84.0,79.5,42823.93
Australia,2011,81.9,84.2,79.7,44460.61
Australia,2012,82.0,84.3,79.9,43911.68
Australia,2013,82.1,84.3,80.1,47796.02
Australia,2014,82.3,84.4,80.3,47648.63
Australia,2015,82.4,84.5,80.4,47266.59
Australia,2016,82.4,84.6,80.4,50152.48
Australia,2017,82.5,84.6,80.5,50761.91
Australia,2018,82.7,84.9,80.7,53125.9
Australia,2019,82.9,85.0,80.9,53681.42
Australia,2020,83.2,85.3,81.2,56905.5
Australia,2021,83.3,85.4,81.3,64120.47
Ireland,1990,74.8,77.7,72.1,13764.98
Ireland,1991,75.0,77.9,72.3,14422.81
Ireland,1992,75.4,78.3,72.7,15120.31
Ireland,1993,75.3,78.1,72.5,15810.99
Ireland,1994,75.8,78.6,73.1,17020.96
Ireland,1995,75.5,78.3,72.8,18971.19
Ireland,1996,75.8,78.7,73.1,20538.37
Ireland,1997,76.0,78.7,73.4,22693.05
Ireland,1998,76.2,79.1,73.4,25082.32
Ireland,1999,76.1,78.9,73.4,27041.43
Ireland,2000,76.6,79.2,74.0,30216.78
Ireland,2001,77.2,79.9,74.5,32597.56
Ireland,2002,77.7,80.4,75.0,35222.82
Ireland,2003,78.2,80.7,75.7,36280.71
Ireland,2004,78.6,81.1,76.1,38762.31
Ireland,2005,79.0,81.3,76.7,40465.32
Ireland,2006,79.3,81.7,76.9,44271.14
Ireland,2007,79.7,82.1,77.3,46770.89
Ireland,2008,80.2,82.4,77.9,44105.36
Ireland,2009,80.2,82.7,77.8,41435.3
Ireland,2010,80.8,83.1,78.5,43206.64
Ireland,2011,80.9,83.0,78.6,45132.18
Ireland,2012,80.9,83.1,78.7,46304.78
Ireland,2013,81.0,83.1,78.9,47836.19
Ireland,2014,81.4,83.5,79.3,51296.93
Ireland,2015,81.5,83.4,79.6,69305.54
Ireland,2016,81.7,83.6,79.8,71505.75
Ireland,2017,82.2,84.0,80.4,78252.21
Ireland,2018,82.2,84.1,80.4,85034.73
Ireland,2019,82.8,84.7,80.8,91072.87
Ireland,2020,82.6,84.4,80.8,97165.19
Ireland,2021,82.4,84.3,80.5,114451.03
Estonia,1990,69.9,74.9,64.7,
Estonia,1991,69.8,75.0,64.4,
Estonia,1992,69.1,74.8,63.4,
Estonia,1993,68.1,74.0,62.3,5741.66
Estonia,1994,66.6,72.9,60.6,5901.9
Estonia,1995,67.7,74.3,61.4,6424.12
Estonia,1996,69.9,75.6,64.2,6842.86
Estonia,1997,70.1,75.9,64.2,7941.23
Estonia,1998,69.7,75.4,63.9,8408.4
Estonia,1999,70.6,76.1,65.0,8479.42
Estonia,2000,71.1,76.4,65.6,9393.48
Estonia,2001,70.9,76.5,65.2,10283.35
Estonia,2002,71.4,77.2,65.6,11628.3
Estonia,2003,71.9,77.2,66.4,13090.51
Estonia,2004,72.4,78.0,66.7,14496.86
Estonia,2005,73.0,78.2,67.6,16584.41
Estonia,2006,73.2,78.6,67.6,19289.48
Estonia,2007,73.2,78.9,67.5,22163.55
Estonia,2008,74.4,79.5,68.9,22780.01
Estonia,2009,75.3,80.3,70.0,20459.1
Estonia,2010,76.0,80.8,70.9,21586.14
Estonia,2011,76.6,81.3,71.4,24515.49
Estonia,2012,76.7,81.5,71.4,25946.94
Estonia,2013,77.5,81.7,72.8,27418.69
Estonia,2014,77.4,81.9,72.4,28917.83
Estonia,2015,78.0,82.2,73.2,29222.75
Estonia,2016,78.0,82.2,73.3,31310.15
Estonia,2017,78.4,82.6,73.8,33867.8
Estonia,2018,78.5,82.7,74.0,36488.64
Estonia,2019,79.0,83.0,74.5,39906.11
Estonia,2020,78.9,83.0,74.4,40064.43
Estonia,2021,77.2,81.4,72.7,44681.01
Estonia,2022,78.2,82.4,73.7,48555.19
Sweden,1990,77.7,80.5,74.8,20411.01
Sweden,1991,77.8,80.7,75.0,20719.04
Sweden,1992,78.2,81.0,75.4,20822.45
Sweden,1993,78.2,80.9,75.5,20754.31
Sweden,1994,78.9,81.6,76.1,21874.76
Sweden,1995,79.0,81.7,76.2,23090.82
Sweden,1996,79.2,81.7,76.6,23925.73
Sweden,1997,79.4,82.0,76.8,24801.13
Sweden,1998,79.5,82.1,76.9,25887.58
Sweden,1999,79.6,82.0,77.1,27471.48
Sweden,2000,79.8,82.0,77.4,29622.07
Sweden,2001,79.9,82.2,77.6,29936.31
Sweden,2002,80.0,82.1,77.7,30926.36
Sweden,2003,80.3,82.5,78.0,31816.72
Sweden,2004,80.7,82.8,78.4,33859.69
Sweden,2005,80.7,82.9,78.5,34244.36
Sweden,2006,81.0,83.1,78.8,37729.93
Sweden,2007,81.1,83.1,79.0,40914.44
Sweden,2008,81.3,83.3,79.2,42158.3
Sweden,2009,81.5,83.5,79.4,40278.28
Sweden,2010,81.6,83.6,79.6,42216.62
Sweden,2011,81.9,83.8,79.9,44608.58
Sweden,2012,81.8,83.6,79.9,45432.43
Sweden,2013,82.0,83.8,80.2,46312.4
Sweden,2014,82.3,84.2,80.4,47184.67
Sweden,2015,82.2,84.1,80.4,49103.13
Sweden,2016,82.4,84.1,80.6,50430.25
Sweden,2017,82.5,84.1,80.8,51947.96
Sweden,2018,82.6,84.3,80.9,53521.64
Sweden,2019,83.2,84.8,81.5,57229.77
Sweden,2020,82.4,84.2,80.6,57690.33
Sweden,2021,83.1,84.9,81.3,63375.05
Sweden,2022,83.1,84.8,81.5,68088.19
Israel,1990,76.7,78.4,74.9,17663.9
Israel,1991,76.8,78.5,75.1,18210.21
Israel,1992,76.6,78.4,74.7,18773.41
Israel,1993,77.2,79.1,75.3,19354.03
Israel,1994,77.4,79.4,75.5,19952.61
Israel,1995,77.4,79.5,75.5,20569.7
Israel,1996,78.1,80.0,76.3,21619.52
Israel,1997,78.1,80.1,76.0,22245.52
Israel,1998,78.2,80.3,76.1,22844.47
Israel,1999,78.5,80.4,76.6,23321.79
Israel,2000,78.8,80.9,76.7,25669.37
Israel,2001,79.3,81.2,77.3,25669.7
Israel,2002,79.6,81.5,77.5,25961.15
Israel,2003,79.8,81.8,77.6,24571.83
Israel,2004,80.3,82.4,78.0,25938.29
Israel,2005,80.3,82.2,78.2,25514.01
Israel,2006,80.7,82.5,78.7,26207.27
Israel,2007,80.7,82.4,78.7,28022.14
Israel,2008,81.1,83.0,79.0,27836.59
Israel,2009,81.5,83.3,79.6,27985.44
Israel,2010,81.7,83.6,79.7,29372.33
Israel,2011,81.8,83.5,79.9,31244.43
Israel,2012,81.8,83.6,79.9,32414.62
Israel,2013,82.1,83.9,80.3,34744.04
Israel,2014,82.2,84.1,80.3,34729.39
Israel,2015,82.2,84.1,80.1,35795.51
Israel,2016,82.5,84.2,80.7,38084.53
Israel,2017,82.7,84.6,80.6,39352.29
Israel,2018,82.9,84.8,80.9,40082.47
Israel,2019,82.9,84.7,81.0,41236.22
Israel,2020,82.7,84.8,80.6,41054.68
Israel,2021,82.6,84.6,80.5,46258.37
Israel,2022,82.9,84.9,80.9,52169.36
Brazil,1990,65.9,68.5,63.3,3065.0
Brazil,1991,66.0,69.0,63.1,2656.0
Brazil,1992,66.3,69.3,63.4,2505.0
Brazil,1993,66.7,69.8,63.8,2766.0
Brazil,1994,67.1,70.2,64.2,3393.0
Brazil,1995,67.6,70.6,64.6,4705.0
Brazil,1996,67.9,71.1,64.9,5122.0
Brazil,1997,68.4,71.6,65.4,5240.0
Brazil,1998,68.8,72.0,65.7,5050.0
Brazil,1999,69.2,72.4,66.1,3456.0
Brazil,2000,69.5,72.8,66.4,3727.0
Brazil,2001,69.7,73.4,66.3,3142.0
Brazil,2002,70.2,74.0,66.6,2825.0
Brazil,2003,70.4,74.2,66.8,3057.0
Brazil,2004,70.7,74.4,67.2,3623.0
Brazil,2005,71.1,74.9,67.5,4773.0
Brazil,2006,71.8,75.4,68.3,5866.0
Brazil,2007,72.0,75.7,68.5,7323.0
Brazil,2008,72.4,75.9,69.0,8802.0
Brazil,2009,72.7,76.1,69.4,8570.0
Brazil,2010,72.9,76.3,69.7,11249.0
Brazil,2011,73.2,76.6,69.8,13201.0
Brazil,2012,73.3,76.7,70.1,12328.0
Brazil,2013,73.6,76.9,70.3,12259.0
Brazil,2014,73.9,77.1,70.7,12071.0
Brazil,2015,74.3,77.4,71.2,8783.0
Brazil,2016,74.3,77.6,71.1,8681.0
Brazil,2017,74.4,77.8,71.1,9897.0
Brazil,2018,74.8,78.0,71.6,9121.0
Brazil,2019,75.1,78.3,72.0,8845.0
Brazil,2020,75.3,78.5,72.2,6924.0
Brazil,2021,74.0,77.4,70.7,7697.0
Brazil,2022,72.8,76.0,69.6,8918.0
Finland,1990,75.1,79.0,71.0,18133.89
Finland,1991,75.5,79.5,71.4,17547.55
Finland,1992,75.7,79.6,71.7,17258.71
Finland,1993,75.9,79.5,72.1,17466.32
Finland,1994,76.7,80.3,72.8,18466.46
Finland,1995,76.7,80.4,72.8,19573.7
Finland,1996,77.0,80.7,73.1,20080.74
Finland,1997,77.2,80.7,73.5,21790.62
Finland,1998,77.4,81.0,73.6,23576.77
Finland,1999,77.6,81.2,73.8,24767.16
Finland,2000,77.8,81.2,74.2,26788.16
Finland,2001,78.2,81.7,74.6,27803.95
Finland,2002,78.3,81.6,74.9,28605.12
Finland,2003,78.6,81.9,75.1,29053.18
Finland,2004,79.0,82.5,75.4,31202.47
Finland,2005,79.1,82.5,75.6,32051.76
Finland,2006,79.5,83.1,75.9,34454.69
Finland,2007,79.6,83.1,76.0,37847.08
Finland,2008,79.9,83.3,76.5,40083.7
Finland,2009,80.1,83.5,76.6,37970.95
Finland,2010,80.2,83.5,76.9,38949.39
Finland,2011,80.6,83.8,77.3,40916.65
Finland,2012,80.7,83.7,77.7,40872.85
Finland,2013,81.1,84.1,78.0,41492.92
Finland,2014,81.3,84.1,78.4,41749.86
Finland,2015,81.6,84.4,78.7,42490.21
Finland,2016,81.5,84.4,78.6,44934.49
Finland,2017,81.7,84.5,78.9,47570.27
Finland,2018,81.8,84.5,79.1,49573.26
Finland,2019,82.1,84.8,79.3,52569.86
Finland,2020,82.0,84.8,79.2,53657.58
Finland,2021,81.9,84.6,79.3,57783.83
Finland,2022,81.2,83.8,78.7,62590.08
Netherlands,1990,77.1,80.2,73.8,19168.64
Netherlands,1991,77.2,80.3,74.1,20137.2
Netherlands,1992,77.4,80.4,74.3,20790.21
Netherlands,1993,77.1,80.1,74.0,21398.44
Netherlands,1994,77.6,80.4,74.6,22369.41
Netherlands,1995,77.6,80.5,74.6,23430.28
Netherlands,1996,77.6,80.5,74.7,24507.75
Netherlands,1997,78.0,80.7,75.2,26011.66
Netherlands,1998,78.1,80.8,75.2,27709.14
Netherlands,1999,78.0,80.5,75.3,29268.69
Netherlands,2000,78.2,80.7,75.6,31873.89
Netherlands,2001,78.4,80.8,75.8,33190.35
Netherlands,2002,78.5,80.7,76.0,34447.05
Netherlands,2003,78.7,81.0,76.3,34152.15
Netherlands,2004,79.3,81.5,76.9,35810.31
Netherlands,2005,79.6,81.7,77.2,37625.25
Netherlands,2006,80.0,82.0,77.7,41013.79
Netherlands,2007,80.4,82.5,78.1,43948.33
Netherlands,2008,80.5,82.5,78.4,46419.04
Netherlands,2009,80.9,82.9,78.7,44556.67
Netherlands,2010,81.0,83.0,78.9,45037.18
Netherlands,2011,81.3,83.1,79.4,46599.23
Netherlands,2012,81.2,83.0,79.3,47271.97
Netherlands,2013,81.4,83.2,79.5,49242.79
Netherlands,2014,81.8,83.5,80.0,49233.23
Netherlands,2015,81.6,83.2,79.9,50288.35
Netherlands,2016,81.7,83.2,80.0,52289.4
Netherlands,2017,81.8,83.4,80.2,55089.58
Netherlands,2018,81.9,83.4,80.3,57825.4
Netherlands,2019,82.2,83.7,80.6,61089.14
Netherlands,2020,81.4,83.1,79.7,61066.65
Netherlands,2021,81.4,83.0,79.7,67693.5
Netherlands,2022,81.7,83.2,80.3,74541.68
Indonesia,1990,62.7,64.3,61.1,583.0
Indonesia,1991,63.2,64.8,61.6,629.0
Indonesia,1992,63.5,65.0,62.1,679.0
Indonesia,1993,64.1,65.6,62.6,824.0
Indonesia,1994,64.6,66.3,62.9,907.0
Indonesia,1995,64.9,66.4,63.4,1020.0
Indonesia,1996,65.2,66.8,63.7,1129.0
Indonesia,1997,65.4,66.9,63.9,1054.0
Indonesia,1998,65.7,67.3,64.1,459.0
Indonesia,1999,66.0,67.5,64.5,664.0
Indonesia,2000,66.2,68.0,64.5,771.0
Indonesia,2001,66.4,68.0,64.9,739.0
Indonesia,2002,66.8,68.5,65.0,889.0
Indonesia,2003,67.1,68.7,65.6,1052.0
Indonesia,2004,67.4,69.2,65.6,1137.0
Indonesia,2005,65.8,67.1,64.4,1249.0
Indonesia,2006,67.6,69.3,66.0,1573.0
Indonesia,2007,67.9,69.8,66.0,1840.0
Indonesia,2008,68.2,69.9,66.5,2144.0
Indonesia,2009,68.2,69.9,66.5,2239.0
Indonesia,2010,68.5,70.4,66.6,3094.0
Indonesia,2011,68.7,70.4,66.9,3614.0
Indonesia,2012,68.8,70.6,67.1,3668.0
Indonesia,2013,69.0,70.8,67.2,3603.0
Indonesia,2014,69.3,71.3,67.2,3477.0
Indonesia,2015,69.5,71.5,67.6,3323.0
Indonesia,2016,69.7,71.6,67.8,3559.0
Indonesia,2017,69.8,71.8,67.9,3840.0
Indonesia,2018,69.9,71.9,68.0,3903.0
Indonesia,2019,70.3,72.4,68.3,4151.0
Indonesia,2020,70.5,72.6,68.5,3896.0
Indonesia,2021,68.8,71.0,66.7,4334.0
Indonesia,2022,67.6,69.7,65.5,4788.0
